index,pdbID,chain_dat,exp_dG,source,wt,mut,pos
0,1A2P,A,1.35,Guerois,I,A,4
1,1A2P,A,0.6,Guerois,I,V,4
2,1A2P,A,1.85,Guerois,N,A,5
3,1A2P,A,0.27,Guerois,T,S,6
4,1A2P,A,1.24,Guerois,T,G,6
5,1A2P,A,2.15,Guerois,T,A,6
6,1A2P,A,0.89,Guerois,D,A,8
7,1A2P,A,3.39,Guerois,V,A,10
8,1A2P,A,2.48,Guerois,V,T,10
9,1A2P,A,0.31,Guerois,D,A,12
10,1A2P,A,3.34,Guerois,Y,A,13
11,1A2P,A,4.32,Guerois,L,A,14
12,1A2P,A,1.68,Guerois,T,S,16
13,1A2P,A,2.03,Guerois,Y,A,17
14,1A2P,A,2.57,Guerois,Y,S,17
15,1A2P,A,4.03,Guerois,Y,G,17
16,1A2P,A,2.25,Guerois,N,A,23
17,1A2P,A,0.02,Guerois,Y,F,24
18,1A2P,A,3.52,Guerois,I,A,25
19,1A2P,A,1.12,Guerois,I,V,25
20,1A2P,A,0.54,Guerois,T,S,26
21,1A2P,A,2.09,Guerois,T,V,26
22,1A2P,A,1.46,Guerois,T,G,26
23,1A2P,A,1.94,Guerois,T,A,26
24,1A2P,A,0.44,Guerois,K,G,27
25,1A2P,A,1.76,Guerois,E,G,29
26,1A2P,A,1.23,Guerois,E,S,29
27,1A2P,A,1.25,Guerois,E,A,29
28,1A2P,A,1.3,Guerois,V,A,36
29,1A2P,A,1.15,Guerois,V,T,36
30,1A2P,A,2.51,Guerois,N,D,41
31,1A2P,A,1.75,Guerois,V,A,45
32,1A2P,A,2.44,Guerois,V,T,45
33,1A2P,A,1.8,Guerois,I,V,51
34,1A2P,A,4.71,Guerois,I,A,51
35,1A2P,A,2.97,Guerois,D,A,54
36,1A2P,A,0.27,Guerois,D,N,54
37,1A2P,A,0.27,Guerois,I,A,55
38,1A2P,A,1.15,Guerois,I,T,55
39,1A2P,A,0.87,Guerois,I,V,55
40,1A2P,A,-0.47,Guerois,N,D,58
41,1A2P,A,2.71,Guerois,N,A,58
42,1A2P,A,0.82,Guerois,I,V,76
43,1A2P,A,1.89,Guerois,I,A,76
44,1A2P,A,1.65,Guerois,N,A,77
45,1A2P,A,1.35,Guerois,Y,F,78
46,1A2P,A,2.02,Guerois,N,A,84
47,1A2P,A,1.34,Guerois,I,V,88
48,1A2P,A,4.01,Guerois,I,A,88
49,1A2P,A,1.93,Guerois,S,A,91
50,1A2P,A,2.79,Guerois,S,A,92
51,1A2P,A,3.17,Guerois,I,A,96
52,1A2P,A,0.88,Guerois,I,V,96
53,1A2P,A,2.67,Guerois,T,V,99
54,1A2P,A,0,Guerois,Y,F,103
55,1A2P,A,2.24,Guerois,T,V,105
56,1A2P,A,2.07,Guerois,I,A,109
57,1A2P,A,0.76,Guerois,I,V,109
58,1A2P,A,0.41,Guerois,R,A,110
59,1A2P,A,1.17,Guerois,D,G,8
60,1A2P,A,1.29,Guerois,D,G,12
61,1A2P,A,0.27,Guerois,T,A,16
62,1A2P,A,1.66,Guerois,T,G,16
63,1A2P,A,-0.41,Guerois,S,A,28
64,1A2P,A,0.45,Guerois,S,G,28
65,1A2P,A,-0.1,Guerois,Q,A,31
66,1A2P,A,0.98,Guerois,Q,G,31
67,1A2P,A,0.9,Guerois,A,G,32
68,1AYE,A,1.8,Guerois,V,A,12
69,1AYE,A,0.4,Guerois,E,A,14
70,1AYE,A,0.5,Guerois,I,V,15
71,1AYE,A,1,Guerois,E,G,20
72,1AYE,A,0.1,Guerois,I,V,23
73,1AYE,A,0.5,Guerois,A,G,31
74,1AYE,A,0,Guerois,D,A,36
75,1AYE,A,2.3,Guerois,K,A,36
76,1AYE,A,1.7,Guerois,A,G,48
77,1AYE,A,0.8,Guerois,H,A,49
78,1AYE,A,1.1,Guerois,V,A,50
79,1AYE,A,0.4,Guerois,N,A,56
80,1AYE,A,0.4,Guerois,Q,G,58
81,1AYE,A,0.5,Guerois,V,G,62
82,1AYE,A,1.6,Guerois,F,A,63
83,1AYE,A,1.5,Guerois,I,V,69
84,1AYE,A,1.9,Guerois,I,A,73
85,1BF4,A,2.12,Guerois,V,A,4
86,1BF4,A,0.27,Guerois,K,A,7
87,1BF4,A,0.3,Guerois,E,A,12
88,1BF4,A,2.29,Guerois,V,A,15
89,1BF4,A,1.5,Guerois,I,A,17
90,1BF4,A,0.13,Guerois,S,A,18
91,1BF4,A,0.23,Guerois,V,A,23
92,1BF4,A,0.38,Guerois,R,A,25
93,1BF4,A,2.57,Guerois,I,A,30
94,1BF4,A,-0.72,Guerois,S,A,31
95,1BF4,A,2.7,Guerois,F,A,32
96,1BF4,A,0.54,Guerois,D,A,35
97,1BF4,A,0.84,Guerois,T,A,41
98,1BF4,A,0.56,Guerois,R,A,43
99,1BF4,A,1.27,Guerois,A,G,45
100,1BF4,A,1.63,Guerois,V,A,46
101,1BF4,A,-0.18,Guerois,S,A,47
102,1BF4,A,2.1,Guerois,A,G,51
103,1BF4,A,3.92,Guerois,L,A,55
104,1BF4,A,1.45,Guerois,L,A,56
105,1BF4,A,0.7,Guerois,Q,G,57
106,1BF4,A,0.67,Guerois,L,A,59
107,1FKB,A,2.43,Guerois,V,A,2
108,1FKB,A,2.78,Guerois,V,A,4
109,1FKB,A,0.94,Guerois,I,V,7
110,1FKB,A,1.44,Guerois,T,S,21
111,1FKB,A,-0.86,Guerois,T,V,21
112,1FKB,A,1.6,Guerois,T,A,21
113,1FKB,A,2.97,Guerois,V,A,23
114,1FKB,A,3.19,Guerois,V,A,24
115,1FKB,A,1.49,Guerois,T,S,27
116,1FKB,A,-0.23,Guerois,T,V,27
117,1FKB,A,1.97,Guerois,T,A,27
118,1FKB,A,3.54,Guerois,F,A,36
119,1FKB,A,2.57,Guerois,L,A,50
120,1FKB,A,2.13,Guerois,V,A,55
121,1FKB,A,1.81,Guerois,I,T,56
122,1FKB,A,2.48,Guerois,I,A,56
123,1FKB,A,0.81,Guerois,R,A,57
124,1FKB,A,2.29,Guerois,R,G,57
125,1FKB,A,2.13,Guerois,E,A,60
126,1FKB,A,2.84,Guerois,E,G,60
127,1FKB,A,0.84,Guerois,E,A,61
128,1FKB,A,2.49,Guerois,E,G,61
129,1FKB,A,2.97,Guerois,V,A,63
130,1FKB,A,0.81,Guerois,T,V,75
131,1FKB,A,2.6,Guerois,T,A,75
132,1FKB,A,0.76,Guerois,I,V,76
133,1FKB,A,3.81,Guerois,I,A,76
134,1FKB,A,0.38,Guerois,I,V,91
135,1FKB,A,1.54,Guerois,I,A,91
136,1FKB,A,3.56,Guerois,L,A,97
137,1FKB,A,2.16,Guerois,V,A,98
138,1FKB,A,2.75,Guerois,V,A,101
139,1FKB,A,2.32,Guerois,L,A,106
189,1SHG,A,1.4,Guerois,A,G,11
190,1SHG,A,2,Guerois,V,A,23
191,1SHG,A,1.1,Guerois,T,A,24
192,1SHG,A,2.5,Guerois,M,A,25
193,1SHG,A,1.2,Guerois,D,A,29
194,1SHG,A,1,Guerois,K,A,43
195,1SHG,A,3.4,Guerois,V,A,44
196,1SHG,A,0.9,Guerois,V,A,46
197,1SHG,A,-1.4,Guerois,D,G,48
198,1SHG,A,2.7,Guerois,F,A,52
199,1SHG,A,2.2,Guerois,V,A,53
200,1SHG,A,2,Guerois,A,G,55
201,1SHG,A,2.4,Guerois,V,A,58
202,1SHG,A,0.3,Guerois,N,A,47
203,1SHG,A,-0.4,Guerois,N,G,47
204,1TEN,A,2.11,Guerois,L,A,2
205,1TEN,A,2.74,Guerois,P,A,5
206,1TEN,A,0.18,Guerois,I,V,8
207,1TEN,A,2.86,Guerois,I,A,8
208,1TEN,A,1.36,Guerois,V,A,10
209,1TEN,A,2.8,Guerois,A,G,18
210,1TEN,A,0.23,Guerois,I,V,20
211,1TEN,A,3.67,Guerois,I,A,20
212,1TEN,A,1.73,Guerois,P,A,25
213,1TEN,A,1.38,Guerois,I,A,29
214,1TEN,A,0.32,Guerois,I,V,29
215,1TEN,A,0.5,Guerois,I,V,32
216,1TEN,A,3.28,Guerois,I,A,32
217,1TEN,A,4.29,Guerois,L,A,34
218,1TEN,A,0.44,Guerois,Y,F,36
219,1TEN,A,4.22,Guerois,Y,A,36
220,1TEN,A,0.46,Guerois,P,A,42
221,1TEN,A,2.19,Guerois,I,A,48
222,1TEN,A,2.99,Guerois,L,A,50
223,1TEN,A,1.38,Guerois,Y,A,57
224,1TEN,A,4.14,Guerois,Y,G,57
225,1TEN,A,2.06,Guerois,I,A,59
226,1TEN,A,0.83,Guerois,I,V,59
227,1TEN,A,4.22,Guerois,L,A,62
228,1TEN,A,0.93,Guerois,P,A,64
229,1TEN,A,1.22,Guerois,T,S,66
230,1TEN,A,1.96,Guerois,T,A,66
231,1TEN,A,3.13,Guerois,Y,F,68
232,1TEN,A,2.81,Guerois,V,A,70
233,1TEN,A,3.06,Guerois,L,A,72
234,1TEN,A,-0.04,Guerois,S,A,74
235,1TEN,A,2.82,Guerois,S,A,81
236,1TEN,A,0.11,Guerois,P,A,83
237,1TEN,A,1.09,Guerois,A,G,84
238,1TEN,A,0.34,Guerois,E,G,86
239,1TEN,A,-1.61,Guerois,E,A,86
240,1TEN,A,5.43,Guerois,F,A,88
241,1TEN,A,1.92,Guerois,T,S,90
242,1TEN,A,3.43,Guerois,T,A,90
243,1YPC,I,0.55,Guerois,K,A,21
244,1YPC,I,0.85,Guerois,T,A,22
245,1YPC,I,1.16,Guerois,T,G,22
246,1YPC,I,0.32,Guerois,T,V,22
247,1YPC,I,1.57,Guerois,P,A,25
248,1YPC,I,0.47,Guerois,E,A,26
249,1YPC,I,2.68,Guerois,L,A,27
250,1YPC,I,-0.42,Guerois,K,A,30
251,1YPC,I,0.8,Guerois,S,G,31
252,1YPC,I,0.89,Guerois,S,A,31
253,1YPC,I,1.09,Guerois,A,G,35
254,1YPC,I,0.49,Guerois,K,A,36
255,1YPC,I,2.32,Guerois,K,G,36
256,1YPC,I,0.99,Guerois,K,G,37
257,1YPC,I,-0.21,Guerois,K,A,37
258,1YPC,I,0.49,Guerois,V,A,38
259,1YPC,I,1.3,Guerois,I,V,39
260,1YPC,I,2.1,Guerois,L,G,40
261,1YPC,I,1.33,Guerois,L,A,40
262,1YPC,I,0.02,Guerois,Q,A,41
263,1YPC,I,0.6,Guerois,Q,G,41
264,1YPC,I,0.96,Guerois,D,A,42
265,1YPC,I,0.65,Guerois,K,A,43
266,1YPC,I,3.19,Guerois,K,G,43
267,1YPC,I,1.76,Guerois,P,A,44
268,1YPC,I,0.32,Guerois,E,A,45
269,1YPC,I,1.11,Guerois,I,V,48
270,1YPC,I,3.9,Guerois,I,A,48
271,1YPC,I,-0.08,Guerois,I,V,49
272,1YPC,I,2.12,Guerois,I,A,49
273,1YPC,I,3.52,Guerois,I,G,49
274,1YPC,I,2.37,Guerois,L,A,51
275,1YPC,I,1.03,Guerois,V,T,53
276,1YPC,I,0.64,Guerois,V,A,53
277,1YPC,I,2.43,Guerois,V,G,53
278,1YPC,I,0.02,Guerois,T,S,55
279,1YPC,I,0.76,Guerois,T,V,55
280,1YPC,I,-0.23,Guerois,T,A,55
281,1YPC,I,0.03,Guerois,I,A,56
282,1YPC,I,1.47,Guerois,V,A,57
283,1YPC,I,0.72,Guerois,T,A,58
284,1YPC,I,0.7,Guerois,E,A,60
285,1YPC,I,0.58,Guerois,R,A,62
286,1YPC,I,0.8,Guerois,D,A,64
287,1YPC,I,4.93,Guerois,V,A,66
288,1YPC,I,3.84,Guerois,L,A,68
289,1YPC,I,3.84,Guerois,F,A,69
290,1YPC,I,1.98,Guerois,V,A,70
291,1YPC,I,3.41,Guerois,D,A,71
292,1YPC,I,0,Guerois,D,N,74
293,1YPC,I,1.21,Guerois,N,D,75
294,1YPC,I,0.83,Guerois,N,A,75
295,1YPC,I,-0.19,Guerois,I,V,76
296,1YPC,I,4.29,Guerois,I,A,76
297,1YPC,I,1.88,Guerois,A,G,77
298,1YPC,I,0.38,Guerois,V,T,79
299,1YPC,I,1.51,Guerois,V,A,79
300,1YPC,I,3.24,Guerois,V,G,79
301,1YPC,I,3.34,Guerois,P,A,80
302,1YPC,I,1.45,Guerois,V,A,82
303,1YPC,I,3.5,Guerois,V,G,82
304,1YPC,I,1.15,Guerois,V,T,82
305,1YPC,I,0.62,Guerois,E,Q,26
306,1YPC,I,0.17,Guerois,P,A,52
307,2CHF,A,4,Guerois,V,T,10
308,2CHF,A,3.2,Guerois,V,T,11
309,2CHF,A,-2.5,Guerois,D,A,12
310,2CHF,A,-2.7,Guerois,D,A,13
311,2CHF,A,-0.8,Guerois,F,A,14
312,2CHF,A,0.2,Guerois,V,T,21
313,2CHF,A,0,Guerois,N,G,23
314,2CHF,A,1.5,Guerois,V,T,33
315,2CHF,A,3.1,Guerois,A,G,36
316,2CHF,A,1,Guerois,D,G,38
317,2CHF,A,1.9,Guerois,D,A,38
318,2CHF,A,0.8,Guerois,V,T,40
319,2CHF,A,2.3,Guerois,A,G,42
320,2CHF,A,4.8,Guerois,V,T,54
321,2CHF,A,1.5,Guerois,I,V,55
322,2CHF,A,-3.4,Guerois,D,A,57
323,2CHF,A,0.6,Guerois,P,G,61
324,2CHF,A,1,Guerois,D,A,64
325,2CHF,A,1.5,Guerois,I,V,72
326,2CHF,A,0.3,Guerois,A,G,74
327,2CHF,A,3.5,Guerois,V,T,83
328,2CHF,A,1.4,Guerois,A,G,97
329,2CHF,A,1.3,Guerois,A,G,98
330,2CHF,A,0.5,Guerois,A,G,99
331,2CHF,A,1,Guerois,A,G,101
332,2CHF,A,1.7,Guerois,A,G,103
333,2CHF,A,1,Guerois,V,T,108
334,2CHF,A,1.5,Guerois,T,A,112
335,2CHF,A,1,Guerois,T,G,112
336,2CHF,A,1.3,Guerois,A,G,113
337,2CHF,A,0.8,Guerois,A,G,114
338,2CHF,A,0.8,Guerois,I,V,123
339,1BPI,A,-0.2,Guerois,D,A,3
340,1BPI,A,0.4,Guerois,D,A,50
341,1BPI,A,0.2,Guerois,E,A,49
342,1BPI,A,1.5,Guerois,E,A,7
343,1BPI,A,2,Guerois,F,A,22
344,1BPI,A,3,Guerois,F,A,4
345,1BPI,A,1.5,Guerois,I,A,18
346,1BPI,A,2.1,Guerois,I,A,19
347,1BPI,A,0.4,Guerois,K,A,15
348,1BPI,A,0,Guerois,K,A,26
349,1BPI,A,0.4,Guerois,K,A,41
350,1BPI,A,-0.1,Guerois,K,A,46
351,1BPI,A,0,Guerois,L,A,29
352,1BPI,A,0.6,Guerois,L,A,6
353,1BPI,A,1.7,Guerois,M,A,52
354,1BPI,A,2.2,Guerois,N,A,24
355,1BPI,A,3.3,Guerois,N,A,44
356,1BPI,A,1.2,Guerois,P,A,13
357,1BPI,A,1.3,Guerois,P,A,2
358,1BPI,A,0.3,Guerois,P,A,8
359,1BPI,A,0.8,Guerois,P,A,9
360,1BPI,A,1,Guerois,Q,A,31
361,1BPI,A,0.3,Guerois,R,A,17
362,1BPI,A,0.5,Guerois,R,A,1
363,1BPI,A,1.8,Guerois,R,A,20
364,1BPI,A,0,Guerois,R,A,39
365,1BPI,A,0.5,Guerois,R,A,42
366,1BPI,A,0.1,Guerois,R,A,53
367,1BPI,A,1.6,Guerois,S,A,47
368,1BPI,A,0,Guerois,T,A,11
369,1BPI,A,0.1,Guerois,T,A,32
370,1BPI,A,0.1,Guerois,T,A,54
371,1BPI,A,1.2,Guerois,V,A,34
372,1BPI,A,1.2,Guerois,Y,A,10
373,1BPI,A,1.1,Guerois,Y,A,35
374,1BVC,A,0.01,Guerois,H,G,93
375,1BVC,A,2.2,Guerois,M,A,131
376,1BVC,A,0.6,Guerois,V,T,68
377,1CEY,A,-0.2,Guerois,A,G,48
378,1CEY,A,0.3,Guerois,A,G,77
379,1CEY,A,-0.6,Guerois,A,G,80
380,1CEY,A,-0.1,Guerois,A,G,88
381,1CEY,A,-0.5,Guerois,A,G,90
382,1CSP,A,2.27,Guerois,F,A,15
383,1CSP,A,1.53,Guerois,F,A,17
384,1CSP,A,0.76,Guerois,F,A,27
385,1CSP,A,-0.15,Guerois,F,A,38
386,1CYO,A,1.87,Guerois,F,L,35
387,1DYJ,A,-1.4,Guerois,D,N,27
388,1DYJ,A,0.42,Guerois,E,Q,139
389,1DYJ,A,-1.3,Guerois,P,A,66
390,1DYJ,A,1.2,Guerois,T,V,113
391,1DYJ,A,-0.1,Guerois,V,A,75
392,1DYJ,A,-0.2,Guerois,V,A,88
393,1FXA,A,-0.6,Guerois,E,Q,94
394,1FXA,A,1,Guerois,F,A,65
395,1FXA,A,2.4,Guerois,R,A,42
396,1FXA,A,-0.1,Guerois,T,A,48
397,1HFZ,A,0.79,Guerois,H,A,107
398,1HFZ,A,2.13,Guerois,H,A,32
399,1HFZ,A,0.96,Guerois,Q,A,117
400,1HFZ,A,0.41,Guerois,Q,A,54
401,1HFZ,A,0.93,Guerois,V,A,42
402,1HFZ,A,1.15,Guerois,V,G,42
403,1HFZ,A,2.39,Guerois,Y,A,103
407,1HZ6,A,1.22,Guerois,V,A,4
408,1HZ6,A,1.63,Guerois,T,A,5
409,1HZ6,A,4.9,Guerois,I,A,6
410,1HZ6,A,0.56,Guerois,I,V,6
411,1HZ6,A,0.92,Guerois,K,A,7
412,1HZ6,A,2.43,Guerois,A,G,8
413,1HZ6,A,1.87,Guerois,N,A,9
414,1HZ6,A,3.12,Guerois,L,A,10
415,1HZ6,A,1.37,Guerois,I,A,11
416,1HZ6,A,0.47,Guerois,I,V,11
417,1HZ6,A,3.12,Guerois,F,A,12
418,1HZ6,A,0.68,Guerois,F,L,12
419,1HZ6,A,1.78,Guerois,N,A,14
420,1HZ6,A,0.3,Guerois,S,A,16
421,1HZ6,A,1.17,Guerois,T,A,17
422,1HZ6,A,1.11,Guerois,T,A,19
423,1HZ6,A,0.59,Guerois,E,A,21
424,1HZ6,A,4.25,Guerois,F,A,22
425,1HZ6,A,3.12,Guerois,F,L,22
426,1HZ6,A,1.13,Guerois,K,A,23
427,1HZ6,A,1.25,Guerois,T,A,25
428,1HZ6,A,3.08,Guerois,F,G,26
429,1HZ6,A,0.38,Guerois,F,L,26
430,1HZ6,A,-0.16,Guerois,K,G,28
431,1HZ6,A,2.54,Guerois,A,G,29
432,1HZ6,A,1.09,Guerois,T,A,30
433,1HZ6,A,-0.41,Guerois,S,A,31
434,1HZ6,A,0.82,Guerois,S,G,31
435,1HZ6,A,1.19,Guerois,E,G,32
436,1HZ6,A,3.1,Guerois,A,G,33
437,1HZ6,A,2.82,Guerois,Y,G,34
438,1HZ6,A,1.32,Guerois,A,G,35
439,1HZ6,A,2.46,Guerois,Y,A,36
440,1HZ6,A,3.12,Guerois,A,G,37
441,1HZ6,A,1.21,Guerois,D,A,38
442,1HZ6,A,2.14,Guerois,D,G,38
443,1HZ6,A,0.17,Guerois,T,G,39
444,1HZ6,A,2.44,Guerois,L,A,40
445,1HZ6,A,-0.58,Guerois,K,A,41
446,1HZ6,A,-0.35,Guerois,K,A,42
447,1HZ6,A,0.34,Guerois,N,A,44
448,1HZ6,A,0.23,Guerois,E,A,46
449,1HZ6,A,0.97,Guerois,T,A,48
450,1HZ6,A,0.92,Guerois,V,A,49
451,1HZ6,A,0.2,Guerois,D,A,50
452,1HZ6,A,1.14,Guerois,V,A,51
453,1HZ6,A,0.49,Guerois,A,G,52
454,1HZ6,A,0.09,Guerois,K,A,54
455,1HZ6,A,1.66,Guerois,Y,A,56
456,1HZ6,A,-0.43,Guerois,Y,L,56
457,1HZ6,A,1.83,Guerois,T,A,57
458,1HZ6,A,3.77,Guerois,L,A,58
459,1HZ6,A,1.73,Guerois,N,A,59
460,1HZ6,A,4.72,Guerois,I,A,60
461,1HZ6,A,1.69,Guerois,I,V,60
462,1HZ6,A,0.45,Guerois,K,A,61
463,1HZ6,A,3.34,Guerois,F,L,62
464,1IFC,A,2.07,Guerois,L,A,64
465,1IFC,A,2.63,Guerois,L,G,64
466,1IOB,A,1.2,Guerois,K,G,97
467,1IOB,A,0.8,Guerois,T,A,9
468,1IOB,A,2.6,Guerois,T,G,9
471,1MJC,A,1,Guerois,F,L,18
472,1MJC,A,0.31,Guerois,F,L,20
473,1MJC,A,0.66,Guerois,F,L,31
474,1QHE,A,0.04,Guerois,F,L,7
475,1QHE,A,0.83,Guerois,H,A,34
476,1QHE,A,0.59,Guerois,Y,F,47
477,1RN1,A,0.5,Guerois,D,A,49
478,1RN1,A,3.7,Guerois,D,A,76
479,1RN1,A,2.87,Guerois,D,N,76
480,1RN1,A,0.64,Guerois,E,A,58
481,1RN1,A,-0.03,Guerois,N,A,36
482,1RN1,A,2,Guerois,N,A,44
483,1RN1,A,2,Guerois,N,D,44
484,1RN1,A,2.87,Guerois,N,A,81
485,1RN1,A,0.9,Guerois,N,A,9
486,1RN1,A,4.33,Guerois,P,A,39
487,1RN1,A,1.23,Guerois,S,A,12
488,1RN1,A,-0.67,Guerois,S,A,17
489,1RN1,A,1.44,Guerois,S,A,64
490,1RN1,A,2.11,Guerois,Y,F,11
491,1RN1,A,-1.14,Guerois,Y,F,42
492,1RN1,A,0.78,Guerois,Y,F,56
493,1RN1,A,0.5,Guerois,Y,F,57
494,1RN1,A,1.36,Guerois,Y,F,68
499,1STN,A,1.3,Guerois,A,G,102
500,1STN,A,1,Guerois,A,G,109
501,1STN,A,0,Guerois,A,G,112
502,1STN,A,2.4,Guerois,A,G,12
503,1STN,A,1.1,Guerois,A,G,130
504,1STN,A,3.7,Guerois,A,G,132
505,1STN,A,0.3,Guerois,A,G,17
506,1STN,A,2.6,Guerois,A,G,58
507,1STN,A,1.4,Guerois,A,G,60
508,1STN,A,2,Guerois,A,G,69
509,1STN,A,2,Guerois,A,G,90
510,1STN,A,2.4,Guerois,A,G,94
511,1STN,A,0.1,Guerois,D,A,19
512,1STN,A,0.5,Guerois,D,G,19
513,1STN,A,-0.7,Guerois,D,A,21
514,1STN,A,-0.3,Guerois,D,G,21
515,1STN,A,-0.2,Guerois,D,A,40
516,1STN,A,0.5,Guerois,D,G,40
517,1STN,A,3.1,Guerois,D,A,77
518,1STN,A,2.2,Guerois,D,G,77
519,1STN,A,3.8,Guerois,D,A,83
520,1STN,A,2.7,Guerois,D,G,83
521,1STN,A,3.3,Guerois,D,A,95
522,1STN,A,2.7,Guerois,D,G,95
523,1STN,A,1.9,Guerois,E,A,101
524,1STN,A,3.1,Guerois,E,G,101
525,1STN,A,1.3,Guerois,E,A,10
526,1STN,A,1.8,Guerois,E,G,10
527,1STN,A,0.4,Guerois,E,A,122
528,1STN,A,2.2,Guerois,E,G,122
529,1STN,A,2.4,Guerois,E,A,129
530,1STN,A,3.8,Guerois,E,G,129
531,1STN,A,0.7,Guerois,E,A,135
532,1STN,A,1.7,Guerois,E,G,135
533,1STN,A,-0.3,Guerois,E,A,43
534,1STN,A,-0.5,Guerois,E,G,43
535,1STN,A,0.1,Guerois,E,A,52
536,1STN,A,0.4,Guerois,E,G,52
537,1STN,A,0.2,Guerois,E,A,57
538,1STN,A,1.6,Guerois,E,G,57
539,1STN,A,1,Guerois,E,A,67
540,1STN,A,0.9,Guerois,E,G,67
541,1STN,A,1.2,Guerois,E,A,73
542,1STN,A,2.7,Guerois,E,G,73
543,1STN,A,2.2,Guerois,E,A,75
544,1STN,A,3.5,Guerois,E,G,75
545,1STN,A,3.7,Guerois,F,A,34
546,1STN,A,2.3,Guerois,F,A,61
547,1STN,A,4.8,Guerois,F,G,61
548,1STN,A,4,Guerois,F,A,76
549,1STN,A,4.7,Guerois,F,G,76
550,1STN,A,3.1,Guerois,H,A,121
551,1STN,A,4.2,Guerois,H,G,121
552,1STN,A,-0.4,Guerois,H,A,124
553,1STN,A,0.5,Guerois,H,G,124
554,1STN,A,0.5,Guerois,H,A,46
555,1STN,A,0.4,Guerois,H,G,46
556,1STN,A,0.4,Guerois,H,A,8
557,1STN,A,0.8,Guerois,H,G,8
558,1STN,A,3.5,Guerois,I,A,139
559,1STN,A,4.4,Guerois,I,G,139
560,1STN,A,1.5,Guerois,I,V,139
561,1STN,A,2.7,Guerois,I,A,15
562,1STN,A,3.3,Guerois,I,G,15
563,1STN,A,0.8,Guerois,I,V,15
564,1STN,A,2.5,Guerois,I,A,18
565,1STN,A,2.5,Guerois,I,G,18
566,1STN,A,1.1,Guerois,I,V,18
567,1STN,A,5.1,Guerois,I,A,72
568,1STN,A,1.8,Guerois,I,V,72
569,1STN,A,4,Guerois,I,A,92
570,1STN,A,0.5,Guerois,I,V,92
571,1STN,A,1.3,Guerois,K,A,110
572,1STN,A,2.7,Guerois,K,G,110
573,1STN,A,-0.7,Guerois,K,A,116
574,1STN,A,-1,Guerois,K,G,116
575,1STN,A,-0.2,Guerois,K,A,127
576,1STN,A,0.7,Guerois,K,G,127
577,1STN,A,1.4,Guerois,K,A,133
578,1STN,A,3.3,Guerois,K,G,133
579,1STN,A,-0.1,Guerois,K,A,134
580,1STN,A,0.7,Guerois,K,G,134
581,1STN,A,0.9,Guerois,K,A,136
582,1STN,A,0.2,Guerois,K,G,136
583,1STN,A,0.2,Guerois,K,A,16
584,1STN,A,0.7,Guerois,K,G,16
585,1STN,A,0.2,Guerois,K,A,24
586,1STN,A,1.2,Guerois,K,G,24
587,1STN,A,0.7,Guerois,K,A,28
588,1STN,A,0.7,Guerois,K,G,28
589,1STN,A,-0.3,Guerois,K,A,45
590,1STN,A,-0.2,Guerois,K,G,45
591,1STN,A,-0.1,Guerois,K,A,48
592,1STN,A,-0.2,Guerois,K,G,48
593,1STN,A,0.3,Guerois,K,A,49
594,1STN,A,0.2,Guerois,K,G,49
595,1STN,A,0.2,Guerois,K,A,53
596,1STN,A,0.3,Guerois,K,G,53
597,1STN,A,0.5,Guerois,K,A,63
598,1STN,A,1.5,Guerois,K,G,63
599,1STN,A,-0.1,Guerois,K,A,64
600,1STN,A,0.4,Guerois,K,G,64
601,1STN,A,-0.3,Guerois,K,A,6
602,1STN,A,-0.3,Guerois,K,G,6
603,1STN,A,0.1,Guerois,K,A,70
604,1STN,A,0.5,Guerois,K,G,70
605,1STN,A,0.4,Guerois,K,A,71
606,1STN,A,1.1,Guerois,K,G,71
607,1STN,A,0.6,Guerois,K,A,78
608,1STN,A,1.1,Guerois,K,G,78
609,1STN,A,-0.2,Guerois,K,A,84
610,1STN,A,0.3,Guerois,K,G,84
611,1STN,A,0.1,Guerois,K,A,97
612,1STN,A,1.7,Guerois,K,G,97
613,1STN,A,1.4,Guerois,K,A,9
614,1STN,A,1.9,Guerois,K,G,9
615,1STN,A,4.6,Guerois,L,A,103
616,1STN,A,5.8,Guerois,L,A,108
617,1STN,A,4.9,Guerois,L,A,125
618,1STN,A,2.3,Guerois,L,A,137
619,1STN,A,4.6,Guerois,L,G,137
620,1STN,A,2.3,Guerois,L,A,14
621,1STN,A,3.7,Guerois,L,G,14
622,1STN,A,2.7,Guerois,L,A,25
623,1STN,A,4.5,Guerois,L,G,25
624,1STN,A,3.5,Guerois,L,A,36
625,1STN,A,5.3,Guerois,L,G,36
626,1STN,A,1.7,Guerois,L,A,37
627,1STN,A,3.8,Guerois,L,G,37
628,1STN,A,1.7,Guerois,L,A,38
629,1STN,A,0.6,Guerois,L,G,38
630,1STN,A,1.6,Guerois,L,A,7
631,1STN,A,1.5,Guerois,L,G,7
632,1STN,A,2.6,Guerois,L,A,89
633,1STN,A,3.2,Guerois,L,G,89
634,1STN,A,1.5,Guerois,M,A,26
635,1STN,A,2.2,Guerois,M,G,26
636,1STN,A,1.7,Guerois,M,A,32
637,1STN,A,2.4,Guerois,M,G,32
638,1STN,A,2,Guerois,M,A,65
639,1STN,A,4.6,Guerois,M,G,65
640,1STN,A,4.6,Guerois,M,A,98
641,1STN,A,4.5,Guerois,M,G,98
642,1STN,A,5.2,Guerois,N,A,100
643,1STN,A,5.1,Guerois,N,G,100
644,1STN,A,2.1,Guerois,N,A,118
645,1STN,A,2.4,Guerois,N,D,118
646,1STN,A,1.9,Guerois,N,G,118
647,1STN,A,1.3,Guerois,N,A,119
648,1STN,A,1.3,Guerois,N,G,119
649,1STN,A,1.1,Guerois,N,A,138
650,1STN,A,-0.1,Guerois,N,G,138
651,1STN,A,0.5,Guerois,N,A,68
652,1STN,A,0.5,Guerois,N,G,68
653,1STN,A,-0.8,Guerois,P,A,117
654,1STN,A,-0.9,Guerois,P,G,117
655,1STN,A,0.4,Guerois,P,A,11
656,1STN,A,1,Guerois,P,G,11
657,1STN,A,0.5,Guerois,P,A,31
658,1STN,A,1.6,Guerois,P,G,31
659,1STN,A,-0.1,Guerois,P,A,42
660,1STN,A,0.4,Guerois,P,G,42
661,1STN,A,0.6,Guerois,P,A,47
662,1STN,A,0.1,Guerois,P,G,47
663,1STN,A,0,Guerois,P,A,56
664,1STN,A,1,Guerois,P,G,56
665,1STN,A,-0.1,Guerois,Q,A,106
666,1STN,A,1.5,Guerois,Q,G,106
667,1STN,A,0.4,Guerois,Q,A,123
668,1STN,A,0.6,Guerois,Q,G,123
669,1STN,A,0.2,Guerois,Q,A,131
670,1STN,A,2.4,Guerois,Q,G,131
671,1STN,A,0.3,Guerois,Q,A,30
672,1STN,A,0.9,Guerois,Q,G,30
673,1STN,A,0.1,Guerois,Q,A,80
674,1STN,A,1.4,Guerois,Q,G,80
675,1STN,A,1.4,Guerois,R,A,105
676,1STN,A,2.4,Guerois,R,G,105
677,1STN,A,1.7,Guerois,R,A,126
678,1STN,A,2.9,Guerois,R,G,126
679,1STN,A,1.4,Guerois,R,A,35
680,1STN,A,2.2,Guerois,R,G,35
681,1STN,A,1.1,Guerois,R,A,81
682,1STN,A,2.2,Guerois,R,G,81
683,1STN,A,0.9,Guerois,R,A,87
684,1STN,A,2.6,Guerois,R,G,87
685,1STN,A,-0.7,Guerois,S,A,128
686,1STN,A,1.6,Guerois,S,G,128
687,1STN,A,0.4,Guerois,S,A,141
688,1STN,A,0.9,Guerois,S,G,141
689,1STN,A,-0.4,Guerois,S,A,59
690,1STN,A,1.1,Guerois,S,G,59
691,1STN,A,1.2,Guerois,T,A,120
692,1STN,A,2.1,Guerois,T,G,120
693,1STN,A,1.8,Guerois,T,V,120
694,1STN,A,0.7,Guerois,T,A,13
695,1STN,A,1.1,Guerois,T,G,13
696,1STN,A,0.4,Guerois,T,V,13
697,1STN,A,1.6,Guerois,T,A,22
698,1STN,A,2.4,Guerois,T,G,22
699,1STN,A,0.9,Guerois,T,V,22
700,1STN,A,1.4,Guerois,T,A,33
701,1STN,A,2.5,Guerois,T,G,33
702,1STN,A,-0.4,Guerois,T,V,33
703,1STN,A,0,Guerois,T,A,41
704,1STN,A,2,Guerois,T,G,41
705,1STN,A,-0.8,Guerois,T,V,41
706,1STN,A,0.4,Guerois,T,A,44
707,1STN,A,0.6,Guerois,T,G,44
708,1STN,A,-0.1,Guerois,T,V,44
709,1STN,A,2.4,Guerois,T,A,62
710,1STN,A,3.5,Guerois,T,G,62
711,1STN,A,0.2,Guerois,T,V,62
712,1STN,A,0.9,Guerois,T,A,82
713,1STN,A,2,Guerois,T,G,82
714,1STN,A,-0.2,Guerois,T,V,82
715,1STN,A,2.9,Guerois,V,A,104
716,1STN,A,2.5,Guerois,V,T,104
717,1STN,A,4.2,Guerois,V,A,111
718,1STN,A,4.9,Guerois,V,G,111
719,1STN,A,2.3,Guerois,V,T,111
720,1STN,A,0,Guerois,V,A,114
721,1STN,A,0.2,Guerois,V,G,114
722,1STN,A,0.3,Guerois,V,T,114
723,1STN,A,2.9,Guerois,V,A,23
724,1STN,A,5.6,Guerois,V,G,23
725,1STN,A,3.2,Guerois,V,T,23
726,1STN,A,2.2,Guerois,V,A,39
727,1STN,A,4.7,Guerois,V,G,39
728,1STN,A,1.3,Guerois,V,T,39
729,1STN,A,0.3,Guerois,V,A,51
730,1STN,A,0.4,Guerois,V,G,51
731,1STN,A,-0.2,Guerois,V,T,51
732,1STN,A,2.2,Guerois,V,A,66
733,1STN,A,4.4,Guerois,V,G,66
734,1STN,A,1.4,Guerois,V,T,66
735,1STN,A,3.1,Guerois,V,A,74
736,1STN,A,3.8,Guerois,V,T,74
737,1STN,A,3.2,Guerois,V,A,99
738,1STN,A,5,Guerois,V,G,99
739,1STN,A,3.3,Guerois,V,T,99
740,1STN,A,0,Guerois,Y,A,113
741,1STN,A,0,Guerois,Y,F,113
742,1STN,A,0.3,Guerois,Y,G,113
743,1STN,A,-0.2,Guerois,Y,L,113
744,1STN,A,0.3,Guerois,Y,A,115
745,1STN,A,0.1,Guerois,Y,F,115
746,1STN,A,0.7,Guerois,Y,G,115
747,1STN,A,0.3,Guerois,Y,L,115
748,1STN,A,2.8,Guerois,Y,A,27
749,1STN,A,0.6,Guerois,Y,F,27
750,1STN,A,5.1,Guerois,Y,G,27
751,1STN,A,1.5,Guerois,Y,L,27
752,1STN,A,2.2,Guerois,Y,A,54
753,1STN,A,0.5,Guerois,Y,F,54
754,1STN,A,1.9,Guerois,Y,G,54
755,1STN,A,3.4,Guerois,Y,L,54
756,1STN,A,0.4,Guerois,Y,A,85
757,1STN,A,0,Guerois,Y,F,85
758,1STN,A,1,Guerois,Y,G,85
759,1STN,A,0.1,Guerois,Y,L,85
760,1STN,A,5.3,Guerois,Y,A,91
761,1STN,A,2.4,Guerois,Y,F,91
762,1STN,A,3.9,Guerois,Y,L,91
763,1STN,A,2,Guerois,Y,F,93
764,1STN,A,7.5,Guerois,Y,G,93
765,1STN,A,4.5,Guerois,Y,L,93
766,1SUP,A,-0.45,Guerois,N,D,76
783,1pga,A,1.62,Guerois,Y,L,3
784,1pga,A,2.09,Guerois,I,A,6
785,1pga,A,1.85,Guerois,L,A,7
786,1pga,A,0.6,Guerois,T,A,11
787,1pga,A,0.47,Guerois,E,A,15
788,1pga,A,0.38,Guerois,T,A,16
789,1pga,A,0.46,Guerois,T,A,18
790,1pga,A,2.39,Guerois,A,G,20
791,1pga,A,1.75,Guerois,D,A,22
792,1pga,A,-0.22,Guerois,T,A,25
793,1pga,A,2.96,Guerois,A,G,26
794,1pga,A,0.05,Guerois,K,G,28
795,1pga,A,0.7,Guerois,V,A,29
796,1pga,A,1.42,Guerois,F,L,30
797,1pga,A,2.02,Guerois,K,G,31
798,1pga,A,1,Guerois,Q,G,32
799,1pga,A,0.92,Guerois,Y,A,33
800,1pga,A,2.48,Guerois,A,G,34
801,1pga,A,2.5,Guerois,N,G,35
802,1pga,A,-0.17,Guerois,N,A,37
803,1pga,A,1.72,Guerois,V,A,39
804,1pga,A,2.84,Guerois,G,A,41
805,1pga,A,3.34,Guerois,Y,L,45
806,1pga,A,1.74,Guerois,D,A,46
807,1pga,A,-0.49,Guerois,D,A,47
808,1pga,A,0.72,Guerois,T,A,49
809,1pga,A,1.87,Guerois,T,A,51
810,1pga,A,3.54,Guerois,F,L,52
811,1pga,A,1.91,Guerois,T,A,53
812,1pga,A,2.93,Guerois,V,A,54
813,1rex,A,0.36,Guerois,I,V,23
814,1rex,A,1.2,Guerois,I,V,56
815,1rex,A,1.1,Guerois,I,V,59
816,1rex,A,0.48,Guerois,I,V,89
817,1rex,A,0.72,Guerois,I,V,106
818,1rex,A,3.64,Guerois,I,T,56
819,1rex,A,2.54,Guerois,I,A,23
820,1rex,A,3.71,Guerois,I,A,56
821,1rex,A,1.72,Guerois,I,A,59
822,1rex,A,3.83,Guerois,I,G,59
823,1rex,A,2.7,Guerois,I,A,89
824,1rex,A,0.93,Guerois,I,A,106
825,1rex,A,1.51,Guerois,V,A,2
826,1rex,A,0.36,Guerois,V,A,74
827,1rex,A,0.74,Guerois,V,A,93
828,1rex,A,0.98,Guerois,V,A,99
829,1rex,A,0.26,Guerois,V,A,100
830,1rex,A,-0.53,Guerois,V,A,110
831,1rex,A,1.44,Guerois,V,A,121
832,1rex,A,1.32,Guerois,V,A,125
833,1rex,A,0.5,Guerois,Y,F,20
834,1rex,A,0.19,Guerois,Y,F,38
835,1rex,A,-0.07,Guerois,Y,F,45
836,1rex,A,0.96,Guerois,Y,F,54
837,1rex,A,0.24,Guerois,Y,F,63
838,1rex,A,0.36,Guerois,Y,F,124
839,1rex,A,0.53,Guerois,S,A,24
840,1rex,A,1.12,Guerois,S,A,36
841,1rex,A,0.24,Guerois,S,A,51
842,1rex,A,1.36,Guerois,S,A,61
843,1rex,A,-0.48,Guerois,S,A,80
844,1rex,A,-0.38,Guerois,T,A,11
845,1rex,A,-0.31,Guerois,T,V,11
846,1rex,A,1.51,Guerois,T,A,40
847,1rex,A,1.34,Guerois,T,V,40
848,1rex,A,0.36,Guerois,T,A,43
849,1rex,A,-0.96,Guerois,T,V,43
850,1rex,A,0.91,Guerois,T,A,52
851,1rex,A,0.69,Guerois,T,V,70
852,1rex,A,0.1,Guerois,I,L,56
853,1rex,A,1.77,Guerois,I,M,56
854,1rex,A,0,Guerois,I,L,59
855,1rex,A,1.29,Guerois,I,M,59
856,1rex,A,3.59,Guerois,I,S,59
857,1rex,A,2.22,Guerois,I,T,59
858,2LZM,A,0.95,Guerois,D,A,47
859,2LZM,A,1.4,Guerois,D,N,92
860,2LZM,A,-0.01,Guerois,E,A,45
861,2LZM,A,0.7,Guerois,I,A,3
862,2LZM,A,2.1,Guerois,I,G,3
863,2LZM,A,2.3,Guerois,I,T,3
864,2LZM,A,0.4,Guerois,I,V,3
865,2LZM,A,0.1,Guerois,K,G,124
866,2LZM,A,1.03,Guerois,K,A,43
867,2LZM,A,0.56,Guerois,K,A,48
868,2LZM,A,1.86,Guerois,L,A,46
869,2LZM,A,-0.5,Guerois,N,D,144
870,2LZM,A,-0.32,Guerois,N,A,40
871,2LZM,A,0.6,Guerois,N,G,55
872,2LZM,A,0,Guerois,P,A,37
873,2LZM,A,1.91,Guerois,P,G,86
874,2LZM,A,3.11,Guerois,Q,G,105
875,2LZM,A,-0.4,Guerois,Q,E,123
876,2LZM,A,-0.34,Guerois,S,A,44
877,2LZM,A,1.5,Guerois,T,A,59
878,2LZM,A,1.6,Guerois,T,G,59
879,2LZM,A,1.5,Guerois,T,V,59
880,2LZM,A,1.91,Guerois,V,A,103
881,2LZM,A,2.87,Guerois,V,A,149
882,2LZM,A,4.55,Guerois,Y,G,25
887,2bqa,A,0.41,Guerois,I,V,23
888,2bqa,A,1.34,Guerois,I,V,56
889,2bqa,A,0.65,Guerois,I,V,89
890,2bqa,A,0.98,Guerois,I,V,106
891,2bqa,A,1.51,Guerois,V,A,2
892,2bqa,A,0.43,Guerois,V,A,74
893,2bqa,A,-0.07,Guerois,V,A,110
894,2bqa,A,1.75,Guerois,V,A,121
895,2bqa,A,1.6,Guerois,V,A,125
896,2lzm,A,0.3,Guerois,D,A,20
897,2lzm,A,-1.1,Guerois,E,A,11
898,2lzm,A,0.16,Guerois,E,A,128
899,2lzm,A,3.1,Guerois,F,A,104
900,2lzm,A,3.8,Guerois,F,A,153
901,2lzm,A,-0.3,Guerois,F,L,153
902,2lzm,A,1.9,Guerois,F,A,67
903,2lzm,A,3.4,Guerois,I,A,100
904,2lzm,A,2.7,Guerois,I,A,17
905,2lzm,A,3.1,Guerois,I,A,27
906,2lzm,A,2.6,Guerois,I,A,29
907,2lzm,A,2,Guerois,I,A,50
908,2lzm,A,3.2,Guerois,I,A,58
909,2lzm,A,1.6,Guerois,I,A,78
910,2lzm,A,3.5,Guerois,L,A,118
911,2lzm,A,2.3,Guerois,L,A,121
912,2lzm,A,4.3,Guerois,L,A,133
913,2lzm,A,3.6,Guerois,L,A,33
914,2lzm,A,0.9,Guerois,L,A,39
915,2lzm,A,3.9,Guerois,L,A,66
916,2lzm,A,2.6,Guerois,L,A,7
917,2lzm,A,3.9,Guerois,L,A,84
918,2lzm,A,3.1,Guerois,L,A,91
919,2lzm,A,4.5,Guerois,L,A,99
920,2lzm,A,6.3,Guerois,L,G,99
921,2lzm,A,2.3,Guerois,M,A,106
922,2lzm,A,0.2,Guerois,M,A,120
923,2lzm,A,1.9,Guerois,M,A,6
924,2lzm,A,-0.17,Guerois,N,A,116
925,2lzm,A,-0.6,Guerois,N,D,116
926,2lzm,A,0.21,Guerois,N,D,163
927,2lzm,A,-0.44,Guerois,N,D,40
928,2lzm,A,0.05,Guerois,N,A,68
929,2lzm,A,0.6,Guerois,Q,A,105
930,2lzm,A,1.1,Guerois,Q,E,105
931,2lzm,A,0.24,Guerois,Q,A,122
932,2lzm,A,0.22,Guerois,Q,A,123
933,2lzm,A,0.18,Guerois,R,A,119
934,2lzm,A,-1.27,Guerois,S,A,117
935,2lzm,A,0.53,Guerois,S,G,44
936,2lzm,A,0.14,Guerois,T,A,115
937,2lzm,A,-0.39,Guerois,T,S,151
938,2lzm,A,2.6,Guerois,T,S,152
939,2lzm,A,0.5,Guerois,T,A,157
940,2lzm,A,1.1,Guerois,T,G,157
941,2lzm,A,0.66,Guerois,T,S,157
942,2lzm,A,1.2,Guerois,T,V,157
943,2lzm,A,-0.57,Guerois,T,S,26
944,2lzm,A,0.2,Guerois,T,S,59
945,2lzm,A,1.3,Guerois,V,A,111
946,2lzm,A,-0.39,Guerois,V,A,131
947,2lzm,A,0.68,Guerois,V,G,131
948,2lzm,A,0.12,Guerois,V,T,131
949,2lzm,A,2.8,Guerois,V,T,149
950,2lzm,A,1.5,Guerois,V,A,71
951,2lzm,A,1.3,Guerois,V,T,75
952,2lzm,A,1.7,Guerois,V,A,87
953,2lzm,A,1.6,Guerois,V,T,87
954,2lzm,A,1.8,Guerois,V,A,94
955,4LYZ,A,-0.76,Guerois,D,A,101
956,4LYZ,A,-0.45,Guerois,D,G,101
957,4LYZ,A,-0.04,Guerois,D,N,101
958,4LYZ,A,4.4,Guerois,I,A,55
959,4LYZ,A,4.96,Guerois,I,T,55
960,4LYZ,A,0.91,Guerois,I,V,55
961,4LYZ,A,0.15,Guerois,S,A,91
962,8TIM,A,-1,Guerois,K,A,193
963,8TIM,A,-0.1,Guerois,Q,A,179
964,1A23,A,3.6,khan,H,S,32
965,1A23,A,4.6,khan,H,L,32
966,1A23,A,0.5,khan,H,Y,32
967,1AAR,A,1.63,khan,R,E,42
968,1AAR,A,-0.33,khan,R,Q,72
969,1AAR,A,-1.48,khan,K,N,29
970,1AAR,A,0.77,khan,H,E,68
971,1AAR,A,0.53,khan,K,E,6
972,1AAR,A,0.55,khan,H,Q,68
973,1AAR,A,-1.67,khan,K,Q,29
974,1AAR,A,-1.91,khan,K,Q,27
975,1AAR,A,0.26,khan,K,Q,6
976,1AAR,A,0.32,khan,F,W,45
977,1AJ3,A,-1.11,khan,W,F,22
978,1AJ3,A,-0.23,khan,W,Y,22
979,1AKK,A,-1.2,khan,L,V,94
980,1AM7,A,-1.6,khan,H,D,31
981,1AM7,A,-5,khan,H,N,48
982,1AM7,A,1.8,khan,H,N,31
983,1ANK,A,-0.8,khan,F,L,86
984,1ANK,A,-1.4,khan,D,H,84
985,1ANK,A,-2.4,khan,G,V,85
986,1ANK,A,-0.2,khan,R,G,88
987,1AQH,A,1.87,khan,Q,C,58
988,1ARR,A,1.32,khan,N,A,29
989,1ARR,A,2.4,khan,P,L,8
990,1AYF,A,-0.33,khan,Y,S,82
991,1AYF,A,-0.36,khan,Y,L,82
992,1AYF,A,-1.19,khan,H,T,56
993,1AYF,A,-1.31,khan,T,A,54
994,1AYF,A,0.05,khan,T,S,54
995,1AYF,A,0.96,khan,C,S,92
996,1AYF,A,-0.01,khan,Y,F,95
997,1AYF,A,-1.67,khan,H,Q,56
998,1AYF,A,0.45,khan,D,E,76
999,1AYF,A,-0.21,khan,Y,W,82
1000,1AYF,A,-1.16,khan,H,R,53
1001,1AZP,A,0.7,khan,V,I,30
1002,1B26,A,-0.15,khan,R,A,190
1003,1B26,A,0.23,khan,K,A,193
1004,1B26,A,-0.17,khan,E,A,231
1005,1B5M,A,1.4,khan,R,H,15
1006,1B5M,A,-0.65,khan,P,A,81
1007,1B5M,A,0.14,khan,D,R,60
1008,1BCX,A,1.3,khan,V,C,98
1009,1BCX,A,3,khan,S,C,100
1010,1BNI,A,-6.6,khan,Y,G,97
1011,1BNI,A,-6.4,khan,Y,G,13
1012,1BNI,A,-2.5,khan,R,G,72
1013,1BNI,A,-4.7,khan,L,G,95
1014,1BNI,A,-7,khan,L,G,89
1015,1BNI,A,-7.4,khan,I,G,88
1016,1BNI,A,-3.1,khan,I,G,55
1017,1BNI,A,-5.7,khan,I,G,96
1018,1BNI,A,-1.6,khan,Q,G,15
1019,1BNI,A,-5.4,khan,E,G,73
1020,1BNI,A,-0.2,khan,Q,A,15
1021,1BNI,A,-2.8,khan,T,G,100
1022,1BNI,A,-5.3,khan,G,A,52
1023,1BNI,A,-3.4,khan,G,A,53
1024,1BNI,A,-8.4,khan,G,V,52
1025,1BNI,A,-7.8,khan,G,V,53
1026,1BNI,A,-2.72,khan,R,S,69
1027,1BNI,A,-3.13,khan,R,K,69
1028,1BNI,A,-4.13,khan,R,K,83
1029,1BNI,A,-2.12,khan,R,M,69
1030,1BNI,A,-4.11,khan,D,N,93
1031,1BNI,A,-4.8,khan,D,N,75
1032,1BNI,A,-2.5,khan,E,A,73
1033,1BNI,A,-0.78,khan,D,G,12
1034,1BNI,A,-1.58,khan,R,Q,83
1035,1BNI,A,-1.16,khan,S,A,91
1036,1BNI,A,-0.27,khan,D,M,22
1037,1BNI,A,0.2,khan,T,R,16
1038,1BNI,A,0.2,khan,K,A,66
1039,1BNI,A,-0.2,khan,Q,A,104
1040,1BNI,A,-0.12,khan,S,A,85
1041,1BNI,A,-0.3,khan,I,L,88
1042,1BNI,A,0,khan,E,Q,29
1043,1BNI,A,1,khan,Q,I,15
1044,1BNI,A,0.3,khan,T,V,79
1045,1BNI,A,0.1,khan,D,E,44
1046,1BNI,A,0.2,khan,K,R,19
1047,1BNI,A,0.9,khan,K,R,108
1048,1BNI,A,0.5,khan,G,S,65
1049,1BNI,A,-4.03,khan,Y,G,17
1050,1BNI,A,-2,khan,Y,A,17
1051,1BNI,A,-3.3,khan,Y,A,13
1052,1BNI,A,-2.57,khan,Y,S,17
1053,1BNI,A,-0.4,khan,R,A,110
1054,1BNI,A,0.31,khan,H,G,18
1055,1BNI,A,-0.4,khan,K,G,27
1056,1BNI,A,-0.98,khan,Q,G,31
1057,1BNI,A,-1.8,khan,E,G,29
1058,1BNI,A,0.33,khan,W,L,94
1059,1BNI,A,-1.85,khan,H,A,18
1060,1BNI,A,-4.7,khan,I,A,51
1061,1BNI,A,-1.9,khan,I,A,76
1062,1BNI,A,-1.1,khan,I,A,55
1063,1BNI,A,-1.4,khan,I,A,4
1064,1BNI,A,-3.5,khan,I,A,25
1065,1BNI,A,-3.2,khan,I,A,96
1066,1BNI,A,-2.1,khan,I,A,109
1067,1BNI,A,-1.17,khan,D,G,8
1068,1BNI,A,0.1,khan,Q,A,31
1069,1BNI,A,-1.25,khan,E,A,29
1070,1BNI,A,-2.28,khan,H,S,18
1071,1BNI,A,-1.2,khan,T,G,6
1072,1BNI,A,-1.66,khan,T,G,16
1073,1BNI,A,-1.5,khan,T,G,26
1074,1BNI,A,-0.2,khan,Q,S,31
1075,1BNI,A,-1.23,khan,E,S,29
1076,1BNI,A,-1.8,khan,V,A,45
1077,1BNI,A,-3.4,khan,V,A,10
1078,1BNI,A,-1.3,khan,V,A,36
1079,1BNI,A,-1.9,khan,N,A,5
1080,1BNI,A,-2.2,khan,N,A,23
1081,1BNI,A,-2,khan,N,A,84
1082,1BNI,A,-2.7,khan,N,A,58
1083,1BNI,A,-1.6,khan,N,A,77
1084,1BNI,A,0.1,khan,D,A,8
1085,1BNI,A,-3,khan,D,A,54
1086,1BNI,A,-0.6,khan,W,F,94
1087,1BNI,A,-2.5,khan,L,T,89
1088,1BNI,A,-0.6,khan,I,T,55
1089,1BNI,A,-0.27,khan,T,A,16
1090,1BNI,A,-0.45,khan,S,G,28
1091,1BNI,A,-2.1,khan,T,A,6
1092,1BNI,A,-1.9,khan,T,A,26
1093,1BNI,A,-0.65,khan,D,S,12
1094,1BNI,A,-0.97,khan,D,S,8
1095,1BNI,A,-2.56,khan,H,D,18
1096,1BNI,A,-0.99,khan,W,Y,94
1097,1BNI,A,-0.3,khan,L,V,89
1098,1BNI,A,-1.68,khan,H,N,18
1099,1BNI,A,-1.8,khan,I,V,51
1100,1BNI,A,-0.3,khan,I,V,55
1101,1BNI,A,-0.8,khan,I,V,76
1102,1BNI,A,-0.6,khan,I,V,4
1103,1BNI,A,-1.1,khan,I,V,25
1104,1BNI,A,-0.9,khan,I,V,96
1105,1BNI,A,-0.8,khan,I,V,109
1106,1BNI,A,-1.7,khan,T,S,16
1107,1BNI,A,-0.9,khan,A,G,32
1108,1BNI,A,-2.4,khan,V,T,45
1109,1BNI,A,-2.5,khan,V,T,10
1110,1BNI,A,-1.1,khan,V,T,36
1111,1BNI,A,-1.4,khan,Y,F,78
1112,1BNI,A,0,khan,Y,F,24
1113,1BNI,A,0,khan,Y,F,103
1114,1BNI,A,-2.8,khan,S,A,92
1115,1BNI,A,0.41,khan,S,A,28
1116,1BNI,A,-1.3,khan,L,Q,33
1117,1BNI,A,-2.5,khan,N,D,41
1118,1BNI,A,0.5,khan,N,D,58
1119,1BNI,A,-3.08,khan,T,P,6
1120,1BNI,A,-1.19,khan,H,K,18
1121,1BNI,A,-2.32,khan,D,N,54
1122,1BNI,A,-0.08,khan,T,D,26
1123,1BNI,A,-0.4,khan,A,S,32
1124,1BNI,A,-2.2,khan,T,V,105
1125,1BNI,A,-2.7,khan,T,V,99
1126,1BNI,A,-1,khan,A,C,32
1127,1BNI,A,-3.12,khan,G,A,34
1128,1BNI,A,-4.1,khan,A,P,32
1129,1BNI,A,-1.17,khan,H,R,18
1130,1BNI,A,-0.4,khan,K,R,62
1131,1BNI,A,-0.8,khan,A,T,32
1132,1BNI,A,-3.2,khan,G,S,34
1133,1BNI,A,-1.56,khan,T,H,6
1134,1BNI,A,-4.27,khan,T,H,26
1135,1BNI,A,-0.7,khan,A,D,32
1136,1BNI,A,-0.7,khan,A,N,32
1137,1BNI,A,-0.9,khan,A,V,32
1138,1BNI,A,-3.37,khan,G,T,34
1139,1BNI,A,-0.6,khan,A,E,32
1140,1BNI,A,-0.5,khan,A,Q,32
1141,1BNI,A,-3.39,khan,G,D,34
1142,1BNI,A,-2.75,khan,G,N,34
1143,1BNI,A,-0.2,khan,A,K,32
1144,1BNI,A,-0.8,khan,A,I,32
1145,1BNI,A,-0.8,khan,A,H,32
1146,1BNI,A,-0.3,khan,A,L,32
1147,1BNI,A,-0.3,khan,A,M,32
1148,1BNI,A,-3.12,khan,G,K,34
1149,1BNI,A,-2.6,khan,G,H,34
1150,1BNI,A,-0.1,khan,A,R,32
1151,1BNI,A,-0.7,khan,A,F,32
1152,1BNI,A,-0.8,khan,A,Y,32
1153,1BNI,A,-2.42,khan,G,R,34
1154,1BNI,A,-1,khan,A,W,32
1155,1BNI,A,-0.41,khan,Y,F,13
1156,1BNI,A,-0.3,khan,Y,F,17
1157,1BNI,A,0.4,khan,S,E,28
1158,1BNI,A,0.28,khan,D,A,12
1159,1BNI,A,-4.2,khan,L,A,14
1160,1BNI,A,-3.9,khan,I,A,88
1161,1BNI,A,-1.1,khan,I,V,88
1162,1BNI,A,-0.22,khan,T,S,6
1163,1BNI,A,-0.56,khan,T,S,26
1164,1BNI,A,-1.6,khan,H,Q,18
1165,1BNI,A,0.11,khan,T,D,6
1166,1BNI,A,-1.27,khan,T,N,6
1167,1BNI,A,-1.29,khan,T,N,26
1168,1BNI,A,-2.31,khan,T,V,26
1169,1BNI,A,-0.27,khan,T,E,6
1170,1BNI,A,-0.05,khan,T,E,26
1171,1BNI,A,-1.87,khan,T,Q,6
1172,1BNI,A,-1.72,khan,T,Q,26
1173,1BNI,A,-4.6,khan,F,L,7
1174,1BPI,A,-8.74,khan,C,G,30
1175,1BPI,A,-6.14,khan,C,A,30
1176,1BPI,A,-8,khan,C,S,30
1177,1BPI,A,-7.81,khan,C,T,30
1178,1BPI,A,-5.95,khan,C,V,30
1179,1BPI,A,-1.1,khan,Y,A,35
1180,1BPI,A,-1.2,khan,Y,A,10
1181,1BPI,A,-3,khan,F,A,4
1182,1BPI,A,-0.5,khan,R,A,42
1183,1BPI,A,-0.5,khan,R,A,1
1184,1BPI,A,-0.3,khan,R,A,17
1185,1BPI,A,-1.8,khan,R,A,20
1186,1BPI,A,-0.1,khan,R,A,53
1187,1BPI,A,-1.7,khan,M,A,52
1188,1BPI,A,-0.6,khan,L,A,6
1189,1BPI,A,-2.1,khan,I,A,19
1190,1BPI,A,-1.5,khan,I,A,18
1191,1BPI,A,-0.4,khan,K,A,41
1192,1BPI,A,-0.4,khan,K,A,15
1193,1BPI,A,0.1,khan,K,A,46
1194,1BPI,A,-1,khan,Q,A,31
1195,1BPI,A,-1.5,khan,E,A,7
1196,1BPI,A,-0.2,khan,E,A,49
1197,1BPI,A,-1.2,khan,V,A,34
1198,1BPI,A,-3.3,khan,N,A,44
1199,1BPI,A,-2.2,khan,N,A,24
1200,1BPI,A,-0.4,khan,D,A,50
1201,1BPI,A,0.2,khan,D,A,3
1202,1BPI,A,-0.1,khan,T,A,32
1203,1BPI,A,-0.1,khan,T,A,54
1204,1BPI,A,-1.2,khan,P,A,13
1205,1BPI,A,-1.3,khan,P,A,2
1206,1BPI,A,-0.8,khan,P,A,9
1207,1BPI,A,-0.3,khan,P,A,8
1208,1BPI,A,-1.6,khan,S,A,47
1209,1BPI,A,-2.3,khan,G,A,37
1210,1BPI,A,-2.1,khan,G,A,36
1211,1BPI,A,-1.8,khan,G,A,12
1212,1BPI,A,-1,khan,G,A,28
1213,1BPI,A,-0.2,khan,G,A,56
1214,1BPI,A,-0.2,khan,G,A,57
1215,1BPI,A,-5,khan,Y,G,35
1216,1BPI,A,-5.9,khan,Y,A,23
1217,1BPI,A,-6.9,khan,F,A,45
1218,1BPI,A,-1.2,khan,F,A,22
1219,1BPI,A,-5.7,khan,N,G,43
1220,1BPI,A,-4.7,khan,N,G,44
1221,1BPI,A,-0.7,khan,G,S,36
1222,1BRF,A,-0.55,khan,A,K,1
1223,1BTA,A,0.48,khan,C,A,82
1224,1BVC,A,-0.5,khan,Q,G,8
1225,1BVC,A,-0.89,khan,E,G,109
1226,1BVC,A,0.35,khan,K,A,140
1227,1BVC,A,0.89,khan,Q,A,8
1228,1BVC,A,0.17,khan,E,A,109
1229,1BVC,A,0.74,khan,G,A,23
1230,1BVC,A,-0.11,khan,G,A,65
1231,1BVC,A,-0.2,khan,K,A,56
1232,1BVC,A,-0.02,khan,K,A,77
1233,1BVC,A,-0.55,khan,E,A,4
1234,1BVC,A,-0.5,khan,E,A,18
1235,1BVC,A,-0.15,khan,D,A,44
1236,1BVC,A,-0.1,khan,D,A,60
1237,1BVC,A,-0.9,khan,M,A,131
1238,1BVC,A,-0.5,khan,W,F,14
1239,1BVC,A,0.1,khan,W,F,7
1240,1BVC,A,-0.7,khan,F,K,123
1241,1BVC,A,-0.2,khan,V,T,68
1242,1BVC,A,-0.1,khan,H,Q,36
1243,1BVC,A,-0.9,khan,A,K,130
1244,1BVC,A,0.1,khan,A,L,130
1245,1BVC,A,-0.16,khan,V,A,66
1246,1BVC,A,0.31,khan,V,A,114
1247,1BVC,A,-0.92,khan,G,A,129
1248,1BVC,A,-2.4,khan,L,A,29
1249,1BVC,A,-1.8,khan,L,A,137
1250,1BVC,A,-1.6,khan,L,A,149
1251,1BVC,A,-0.4,khan,L,A,11
1252,1BVC,A,-1.2,khan,L,A,69
1253,1BVC,A,-0.4,khan,L,A,9
1254,1BVC,A,0.2,khan,H,A,116
1255,1BVC,A,-1.3,khan,I,A,28
1256,1BVC,A,-1.8,khan,I,A,111
1257,1BVC,A,-1.1,khan,I,A,142
1258,1BVC,A,-0.7,khan,V,A,13
1259,1BVC,A,-1.4,khan,T,A,51
1260,1BVC,A,-0.3,khan,T,A,67
1261,1BVC,A,0.6,khan,P,A,88
1262,1BVC,A,-2.2,khan,L,V,135
1263,1BVC,A,-1.7,khan,L,V,29
1264,1BVC,A,-0.1,khan,L,V,69
1265,1BVC,A,0,khan,I,V,28
1266,1BVC,A,-0.1,khan,I,V,142
1267,1BVC,A,-0.3,khan,S,A,117
1268,1BVC,A,-1.5,khan,L,I,135
1269,1BVC,A,-1.1,khan,L,I,29
1270,1BVC,A,-0.8,khan,L,I,49
1271,1BVC,A,0,khan,L,I,69
1272,1BVC,A,-0.6,khan,I,L,28
1273,1BVC,A,-0.6,khan,I,L,111
1274,1BVC,A,0.6,khan,I,L,142
1275,1BVC,A,-0.8,khan,L,M,135
1276,1BVC,A,0,khan,L,M,69
1277,1BVC,A,0.1,khan,L,M,29
1278,1BVC,A,-0.6,khan,I,M,28
1279,1BVC,A,-1.1,khan,I,M,111
1280,1BVC,A,0.9,khan,I,M,142
1281,1C2R,A,-2,khan,P,A,35
1282,1C2R,A,-2.2,khan,G,S,34
1283,1C2R,A,-1.3,khan,K,D,12
1284,1C2R,A,-1.3,khan,K,E,14
1285,1C2R,A,0.2,khan,K,E,32
1286,1C9O,A,0.24,khan,R,E,56
1287,1C9O,A,-0.29,khan,H,E,29
1288,1C9O,A,-0.1,khan,E,K,12
1289,1C9O,A,0.17,khan,E,K,21
1290,1C9O,A,-0.22,khan,E,K,46
1291,1C9O,A,0.26,khan,E,K,50
1292,1C9O,A,-0.19,khan,E,K,36
1293,1C9O,A,0.1,khan,N,K,55
1294,1C9O,A,-1.05,khan,R,A,3
1295,1C9O,A,-0.29,khan,E,A,21
1296,1C9O,A,-0.96,khan,R,E,3
1297,1C9O,A,-0.14,khan,R,K,3
1298,1C9O,A,-0.22,khan,R,L,3
1299,1C9O,A,-0.1,khan,G,Q,23
1300,1C9O,A,-0.12,khan,E,A,46
1301,1C9O,A,0.22,khan,N,S,11
1302,1C9O,A,0.17,khan,T,S,31
1303,1C9O,A,-0.19,khan,V,T,64
1304,1C9O,A,-0.05,khan,Y,F,15
1305,1C9O,A,-1.24,khan,L,E,66
1306,1C9O,A,0,khan,Q,E,53
1307,1C9O,A,0.29,khan,Q,L,2
1308,1C9O,A,0.19,khan,S,D,24
1309,1CAH,A,-0.1,khan,L,C,60
1310,1CAH,A,0.3,khan,W,F,16
1311,1CAH,A,0.1,khan,W,F,5
1312,1CAH,A,0,khan,W,C,123
1313,1CAH,A,-0.3,khan,I,C,256
1314,1CAH,A,-1.2,khan,V,C,68
1315,1CAH,A,0.1,khan,C,S,206
1316,1CAH,A,-0.5,khan,S,C,56
1317,1CDC,B,3.01,khan,V,A,78
1318,1CDC,B,4.88,khan,V,A,30
1319,1CDC,B,2.01,khan,L,V,16
1320,1CDC,B,0.14,khan,L,V,89
1321,1CDC,B,-0.37,khan,L,V,50
1322,1CDC,B,0.75,khan,L,V,95
1323,1CDC,B,1.17,khan,I,V,18
1324,1CDC,B,0.43,khan,I,V,57
1325,1CDC,B,0.72,khan,A,G,40
1326,1CHK,A,-1.89,khan,W,F,101
1327,1CHK,A,-1.51,khan,W,F,28
1328,1CHK,A,-1.31,khan,W,F,227
1329,1CSP,A,0.17,khan,R,Q,56
1330,1CSP,A,-0.79,khan,K,E,65
1331,1CSP,A,-1.05,khan,K,E,5
1332,1CSP,A,-0.29,khan,K,E,13
1333,1CSP,A,-0.05,khan,K,E,39
1334,1CSP,A,-0.07,khan,K,Q,13
1335,1CSP,A,-0.6,khan,K,Q,5
1336,1CSP,A,-0.12,khan,K,Q,65
1337,1CSP,A,0,khan,K,Q,39
1338,1CSP,A,0.38,khan,N,D,55
1339,1CSP,A,0.26,khan,N,D,10
1340,1CSP,A,-0.14,khan,E,Q,19
1341,1CSP,A,-0.24,khan,E,Q,21
1342,1CSP,A,-0.96,khan,E,Q,50
1343,1CSP,A,0.74,khan,E,Q,3
1344,1CSP,A,0.12,khan,E,Q,53
1345,1CSP,A,0.02,khan,E,Q,43
1346,1CSP,A,-0.12,khan,E,Q,42
1347,1CSP,A,-0.45,khan,D,N,24
1348,1CSP,A,-0.5,khan,E,K,19
1349,1CSP,A,-0.07,khan,E,K,21
1350,1CSP,A,-0.19,khan,E,K,12
1351,1CSP,A,-0.05,khan,E,K,53
1352,1CSP,A,0.02,khan,E,K,50
1353,1CSP,A,0.14,khan,E,K,43
1354,1CSP,A,0,khan,E,K,42
1355,1CSP,A,-3.06,khan,V,E,20
1356,1CSP,A,-1.63,khan,V,Q,20
1357,1CSP,A,-0.41,khan,D,Q,25
1358,1CSP,A,-1.89,khan,V,K,20
1359,1CSP,A,0.1,khan,N,K,55
1360,1CSP,A,-1.36,khan,N,K,10
1361,1CSP,A,-0.36,khan,D,K,24
1362,1CSP,A,-1.08,khan,D,K,25
1363,1CSP,A,0,khan,E,R,3
1364,1CSP,A,0,khan,S,E,48
1365,1CSP,A,0.48,khan,S,K,48
1366,1CSP,A,2.82,khan,E,G,43
1367,1CSP,A,0.29,khan,E,S,43
1368,1CSP,A,-0.17,khan,N,S,55
1369,1CSP,A,1.53,khan,K,I,65
1370,1CSP,A,1.91,khan,E,K,3
1371,1CSP,A,2.18,khan,E,K,66
1372,1CSP,A,1.56,khan,M,R,1
1373,1CSP,A,1.41,khan,A,K,46
1374,1CSP,A,1.58,khan,S,R,48
1375,1CSP,A,0.41,khan,E,L,3
1376,1CSP,A,0.02,khan,A,E,46
1377,1CSP,A,1.44,khan,E,L,66
1378,1CSP,A,0.55,khan,F,A,17
1379,1CSP,A,-0.96,khan,F,A,15
1380,1CSP,A,-0.12,khan,F,A,27
1381,1CSP,A,0.31,khan,F,A,38
1382,1CYO,A,-1.91,khan,V,G,45
1383,1CYO,A,-0.96,khan,V,T,45
1384,1CYO,A,-2.06,khan,V,E,45
1385,1CYO,A,-1.34,khan,V,H,45
1386,1CYO,A,-1.53,khan,V,Y,45
1387,1CYO,A,-1.05,khan,V,E,61
1388,1CYO,A,-2.34,khan,V,K,61
1389,1CYO,A,-1.6,khan,V,H,61
1390,1CYO,A,-1.29,khan,V,Y,61
1391,1CYO,A,-2.82,khan,F,H,35
1392,1CYO,A,-1.87,khan,F,L,35
1393,1CYO,A,0.79,khan,F,Y,35
1394,1EL1,A,-0.48,khan,H,G,21
1395,1EL1,A,-0.24,khan,I,L,56
1396,1EL1,A,-0.26,khan,A,S,93
1397,1EL1,A,-0.43,khan,V,K,109
1398,1FC1,A,-0.7,khan,Y,A,349
1399,1FC1,A,-2.1,khan,Y,A,407
1400,1FC1,A,-2.5,khan,F,A,405
1401,1FC1,A,-1.3,khan,L,A,351
1402,1FC1,A,-2.2,khan,L,A,368
1403,1FC1,A,-0.1,khan,L,A,398
1404,1FC1,A,-1.1,khan,K,A,370
1405,1FC1,A,-0.4,khan,K,A,392
1406,1FC1,A,-2.4,khan,K,A,409
1407,1FC1,A,-1.1,khan,Q,A,347
1408,1FC1,A,-0.6,khan,V,A,397
1409,1FC1,A,-0.7,khan,D,A,399
1410,1FC1,A,-0.1,khan,T,A,350
1411,1FC1,A,-2.3,khan,T,A,366
1412,1FC1,A,-0.6,khan,T,A,394
1413,1FC1,A,-3.2,khan,P,A,395
1414,1FLV,A,-0.09,khan,G,A,87
1415,1FLV,A,-0.01,khan,V,I,83
1416,1FLV,A,0.08,khan,V,I,18
1417,1FLV,A,0.04,khan,V,L,18
1418,1FLV,A,-0.69,khan,A,V,101
1419,1FLV,A,0.12,khan,G,V,87
1420,1FLV,A,-0.53,khan,A,L,101
1421,1FLV,A,-0.21,khan,G,L,87
1422,1FTG,A,0.17,khan,I,G,21
1423,1FTG,A,0.22,khan,Q,G,111
1424,1FTG,A,0.02,khan,L,A,50
1425,1FTG,A,-0.02,khan,I,A,21
1426,1FTG,A,0.43,khan,Q,A,99
1427,1FTG,A,0.15,khan,E,A,107
1428,1FTG,A,0.38,khan,G,A,68
1429,1FTG,A,0.05,khan,V,I,83
1430,1FTG,A,0.19,khan,V,I,18
1431,1FTG,A,0.16,khan,A,V,101
1432,1FTG,A,-0.11,khan,L,A,143
1433,1FTG,A,-1.11,khan,L,A,6
1434,1FTG,A,-0.67,khan,I,A,22
1435,1FTG,A,-0.95,khan,V,A,117
1436,1FTG,A,-0.73,khan,V,A,160
1437,1FTG,A,-0.46,khan,V,A,31
1438,1FTG,A,-0.29,khan,V,A,139
1439,1FTG,A,-0.22,khan,N,A,97
1440,1FTG,A,-0.03,khan,D,A,43
1441,1FTG,A,-0.11,khan,I,V,104
1442,1FTG,A,-0.18,khan,I,V,52
1443,1FTG,A,-0.41,khan,I,V,51
1444,1FTG,A,-0.69,khan,I,V,156
1445,1FTG,A,-0.47,khan,A,G,84
1446,1FTG,A,0.11,khan,T,S,122
1447,1FTG,A,-0.11,khan,S,A,71
1448,1FTG,A,-0.18,khan,S,A,110
1449,1FTG,A,0.14,khan,E,K,20
1450,1FTG,A,-0.07,khan,E,K,72
1451,1FTG,A,-0.06,khan,E,K,40
1452,1FTG,A,0.22,khan,E,K,61
1453,1FTG,A,0.03,khan,D,K,126
1454,1FTG,A,0.01,khan,D,K,150
1455,1FTG,A,-0.01,khan,D,K,75
1456,1FTG,A,0.09,khan,D,K,65
1459,1HFY,A,-1,khan,T,A,38
1460,1HFY,A,1.86,khan,T,V,29
1461,1HFY,A,0.06,khan,A,T,30
1462,1HFY,A,0.12,khan,T,I,29
1463,1HFY,A,0.18,khan,T,I,33
1464,1HFY,A,0.3,khan,A,I,30
1465,1HFZ,A,-2.39,khan,Y,A,103
1466,1HFZ,A,-0.22,khan,Y,P,103
1467,1HFZ,A,-0.6,khan,W,H,118
1468,1HFZ,A,-2.13,khan,H,A,32
1469,1HFZ,A,-0.79,khan,H,A,107
1470,1HFZ,A,-1.15,khan,V,G,42
1471,1HFZ,A,-0.41,khan,Q,A,54
1472,1HFZ,A,-0.96,khan,Q,A,117
1473,1HFZ,A,-0.93,khan,V,A,42
1474,1HFZ,A,-1.17,khan,W,Y,118
1475,1HFZ,A,-2.44,khan,W,Y,104
1476,1HFZ,A,2.66,khan,K,N,114
1477,1HFZ,A,-0.19,khan,L,E,110
1478,1HFZ,A,-0.65,khan,K,E,114
1479,1HFZ,A,-0.6,khan,K,Q,114
1480,1HFZ,A,1.39,khan,L,H,110
1481,1HFZ,A,-0.24,khan,V,N,42
1482,1HFZ,A,-1.05,khan,A,S,106
1483,1HFZ,A,0.43,khan,L,R,110
1484,1HFZ,A,-0.19,khan,H,Y,107
1485,1HFZ,A,0.07,khan,H,Y,32
1486,1HFZ,A,-1.72,khan,H,W,107
1487,1HFZ,A,-0.93,khan,I,W,59
1488,1HME,A,0,khan,I,H,34
1489,1HME,A,0.27,khan,N,H,47
1490,1HME,A,-0.96,khan,S,H,33
1491,1HME,A,-0.24,khan,G,H,35
1492,1HUE,A,0,khan,M,I,69
1493,1HUE,A,-1.19,khan,A,S,27
1494,1HUE,A,-0.13,khan,A,S,56
1495,1HUE,A,0.41,khan,S,T,31
1496,1HUE,A,-0.82,khan,V,I,42
1497,1IGV,A,0.26,khan,E,Q,17
1498,1IGV,A,0.09,khan,E,Q,26
1499,1IGV,A,0.52,khan,D,N,19
1500,1IOB,A,-1.2,khan,K,G,97
1501,1IOB,A,-2.6,khan,T,G,9
1502,1IOB,A,-0.8,khan,T,A,9
1503,1IOB,A,0.8,khan,K,V,97
1504,1IOB,A,-1.9,khan,T,Q,9
1505,1IOB,A,-0.5,khan,K,R,97
1506,1IOB,A,-0.7,khan,T,L,9
1507,1IRO,A,0.76,khan,I,L,33
1508,1IRO,A,0.36,khan,V,I,24
1509,1K9Q,A,0.35,khan,D,T,34
1510,1K9Q,A,0.17,khan,L,Y,30
1511,1K9Q,A,0.6,khan,A,R,20
1512,1KFW,A,0.81,khan,N,K,197
1513,1KFW,A,-0.65,khan,G,P,253
1514,1KFW,A,0.5,khan,G,P,92
1515,1KFW,A,0.62,khan,G,Q,405
1516,1L63,A,-3.4,khan,F,A,153
1517,1L63,A,-2.7,khan,F,A,104
1518,1L63,A,-2.9,khan,M,A,102
1519,1L63,A,-1.9,khan,M,A,106
1520,1L63,A,-1.6,khan,M,A,6
1521,1L63,A,-4.1,khan,L,A,99
1522,1L63,A,-3.7,khan,L,A,84
1523,1L63,A,-3.3,khan,L,A,66
1524,1L63,A,-2.6,khan,L,A,91
1525,1L63,A,-2.9,khan,L,A,33
1526,1L63,A,-3.2,khan,L,A,118
1527,1L63,A,-2.2,khan,L,A,121
1528,1L63,A,-2.3,khan,L,A,7
1529,1L63,A,-2.5,khan,I,A,100
1530,1L63,A,-1.2,khan,I,A,78
1531,1L63,A,-2.3,khan,I,A,17
1532,1L63,A,-1.6,khan,I,A,50
1533,1L63,A,-3.2,khan,V,A,149
1534,1L63,A,-1.5,khan,V,A,87
1535,1L63,A,-1.6,khan,V,A,103
1536,1L63,A,-1,khan,V,A,111
1537,1L63,A,-0.4,khan,F,M,104
1538,1L63,A,-2,khan,L,M,33
1539,1L63,A,-1,khan,L,M,66
1540,1L63,A,-1.6,khan,I,M,100
1541,1L63,A,-2.2,khan,I,M,17
1542,1L63,A,-0.4,khan,I,M,50
1543,1L63,A,-3.1,khan,I,M,27
1544,1L63,A,-2.8,khan,V,M,149
1545,1L63,A,-2.3,khan,V,M,87
1546,1L63,A,-0.7,khan,V,M,111
1547,1L63,A,-1.9,khan,A,M,129
1567,1LZ1,A,-1.32,khan,I,A,59
1568,1LZ1,A,-1.41,khan,V,S,2
1569,1LZ1,A,-1.44,khan,V,D,2
1570,1LZ1,A,-0.43,khan,V,D,74
1571,1LZ1,A,0.17,khan,V,D,110
1572,1LZ1,A,-1.34,khan,V,N,2
1573,1LZ1,A,-0.33,khan,V,N,74
1574,1LZ1,A,0.07,khan,V,N,110
1575,1LZ1,A,-0.38,khan,V,R,2
1576,1LZ1,A,-0.07,khan,V,R,74
1577,1LZ1,A,0.89,khan,V,R,110
1578,1LZ1,A,-0.36,khan,V,Y,2
1579,1LZ1,A,-0.24,khan,V,Y,74
1580,1LZ1,A,-0.14,khan,V,Y,110
1581,1LZ1,A,-2.32,khan,Y,G,38
1582,1LZ1,A,1.15,khan,R,G,21
1583,1LZ1,A,-2.49,khan,Y,A,38
1584,1LZ1,A,0.43,khan,R,A,50
1585,1LZ1,A,1.32,khan,R,A,21
1586,1LZ1,A,-0.14,khan,H,A,78
1587,1LZ1,A,0.05,khan,N,G,118
1588,1LZ1,A,0.91,khan,Q,A,58
1589,1LZ1,A,0.19,khan,N,A,118
1590,1LZ1,A,-3.73,khan,L,T,8
1591,1LZ1,A,-0.67,khan,V,T,93
1592,1LZ1,A,-0.5,khan,V,T,99
1593,1LZ1,A,-0.29,khan,V,T,100
1594,1LZ1,A,-1,khan,A,S,96
1595,1LZ1,A,-0.33,khan,A,S,32
1596,1LZ1,A,-0.02,khan,A,S,9
1597,1LZ1,A,0.81,khan,A,S,92
1598,1LZ1,A,0.45,khan,G,A,48
1599,1LZ1,A,-0.12,khan,G,A,68
1600,1LZ1,A,-0.55,khan,G,A,127
1601,1LZ1,A,-0.29,khan,G,A,37
1602,1LZ1,A,-0.36,khan,G,A,72
1603,1LZ1,A,-0.62,khan,G,A,105
1604,1LZ1,A,-1.77,khan,G,A,19
1605,1LZ1,A,0.14,khan,G,A,129
1606,1LZ1,A,-1.39,khan,G,A,16
1607,1LZ1,A,-1.79,khan,G,A,22
1608,1LZ1,A,-2.3,khan,V,G,2
1609,1LZ1,A,-0.22,khan,V,G,74
1610,1LZ1,A,0.48,khan,V,G,110
1611,1LZ1,A,0.1,khan,E,Q,7
1612,1LZ1,A,-0.53,khan,D,N,18
1613,1LZ1,A,0,khan,D,N,49
1614,1LZ1,A,-0.24,khan,D,N,67
1615,1LZ1,A,0.05,khan,D,N,120
1616,1LZ1,A,0.07,khan,D,N,102
1617,1LZ1,A,0.45,khan,V,I,74
1618,1LZ1,A,1.1,khan,V,I,2
1619,1LZ1,A,0.86,khan,V,I,110
1620,1LZ1,A,0.19,khan,V,L,74
1621,1LZ1,A,-0.05,khan,V,L,2
1622,1LZ1,A,0.07,khan,V,L,110
1623,1LZ1,A,-0.31,khan,V,M,2
1624,1LZ1,A,0.53,khan,V,M,110
1625,1LZ1,A,0.65,khan,V,M,74
1626,1LZ1,A,-0.86,khan,V,F,2
1627,1LZ1,A,-0.29,khan,V,F,74
1628,1LZ1,A,-0.05,khan,V,F,110
1629,1LZ1,A,0.26,khan,R,G,50
1630,1LZ1,A,-0.12,khan,H,G,78
1631,1LZ1,A,1.87,khan,Q,G,58
1632,1LZ1,A,-0.6,khan,K,A,1
1633,1LZ1,A,-3.59,khan,I,S,59
1634,1LZ1,A,-2.22,khan,I,T,59
1635,1LZ1,A,-0.38,khan,V,S,74
1636,1LZ1,A,-0.1,khan,I,L,56
1637,1LZ1,A,0,khan,I,L,59
1638,1LZ1,A,-1.77,khan,I,M,56
1639,1LZ1,A,-1.29,khan,I,M,59
1640,1LZ1,A,-0.12,khan,K,M,1
1641,1LZ1,A,-0.53,khan,E,L,35
1642,1LZ1,A,-4.09,khan,I,F,56
1643,1LZ1,A,-0.81,khan,I,F,59
1644,1LZ1,A,-3.78,khan,I,Y,59
1645,1LZ1,A,-1.65,khan,V,F,100
1646,1LZ1,A,-0.1,khan,A,L,32
1647,1LZ1,A,0.02,khan,A,M,96
1648,1LZ1,A,-0.26,khan,G,Q,37
1649,1LZ1,A,-0.89,khan,V,A,99
1650,1LZ1,A,0.07,khan,V,A,110
1651,1LZ1,A,-0.93,khan,I,V,59
1652,1LZ1,A,-0.35,khan,I,V,89
1653,1LZ1,A,-0.96,khan,Y,F,54
1654,1LZ1,A,-0.24,khan,Y,F,63
1655,1LZ1,A,0.07,khan,Y,F,45
1656,1LZ1,A,-0.5,khan,Y,F,20
1657,1LZ1,A,-0.19,khan,Y,F,38
1658,1LZ1,A,-0.36,khan,Y,F,124
1659,1LZ1,A,-3.83,khan,I,G,59
1660,1LZ1,A,-3.71,khan,I,A,56
1661,1LZ1,A,-2.7,khan,I,A,89
1662,1LZ1,A,-2.54,khan,I,A,23
1663,1LZ1,A,-0.93,khan,I,A,106
1664,1LZ1,A,-1.44,khan,V,A,121
1665,1LZ1,A,-1.32,khan,V,A,125
1666,1LZ1,A,-0.84,khan,V,A,130
1667,1LZ1,A,-1.51,khan,V,A,2
1668,1LZ1,A,-0.74,khan,V,A,93
1669,1LZ1,A,-0.26,khan,V,A,100
1670,1LZ1,A,-0.36,khan,V,A,74
1671,1LZ1,A,-3.64,khan,I,T,56
1672,1LZ1,A,-1.2,khan,I,V,56
1673,1LZ1,A,-0.36,khan,I,V,23
1674,1LZ1,A,-0.72,khan,I,V,106
1675,1LZ1,A,-1.6,khan,P,G,71
1676,1LZ1,A,-0.1,khan,P,G,103
1677,1LZ1,A,-4.6,khan,C,A,77
1678,1LZ1,A,0.5,khan,V,P,110
1679,1LZ1,A,-0.4,khan,D,P,91
1680,1LZ1,A,0.1,khan,A,P,47
1681,1MGR,A,-2.6,khan,Y,F,54
1682,1MGR,A,-2.1,khan,Y,F,55
1683,1MGR,A,0,khan,Y,F,89
1684,1MGR,A,-0.6,khan,Y,F,11
1685,1MGR,A,-0.7,khan,Y,F,58
1686,1MGR,A,0.5,khan,Y,F,33
1687,1MGR,A,-1.5,khan,Y,F,83
1688,1MGR,A,-1,khan,Y,F,84
1689,1N0J,A,0.06,khan,Q,N,143
1690,1N0J,A,12.7,khan,Y,F,34
1691,1N0J,A,-2.7,khan,I,T,58
1692,1ONC,A,-2.22,khan,M,L,23
1693,1PGA,A,-0.2,khan,K,P,10
1694,1PGA,A,-3.5,khan,V,P,29
1695,1PGA,A,-0.1,khan,V,P,21
1696,1PGA,A,-3.1,khan,D,P,36
1697,1PGA,A,-2.7,khan,T,P,2
1698,1PGA,A,-2.8,khan,T,P,25
1699,1PGA,A,-0.3,khan,A,P,23
1700,1PGA,A,-0.5,khan,A,P,24
1701,1PGA,A,-0.7,khan,A,P,48
1702,1PGA,A,-2.4,khan,G,P,9
1703,1PGA,A,2.15,khan,T,V,16
1704,1PGA,A,1.82,khan,T,I,16
1705,1PGA,A,2.06,khan,T,L,16
1706,1PGA,A,0.08,khan,T,A,53
1707,1PGA,A,0.16,khan,I,R,6
1708,1PGA,A,-0.45,khan,K,A,50
1709,1PGA,A,-0.1,khan,V,A,54
1710,1PGA,A,-1.36,khan,D,A,46
1711,1PGA,A,0.36,khan,D,A,47
1712,1PGA,A,-0.86,khan,T,A,49
1713,1PGA,A,0,khan,I,A,6
1714,1PGA,A,1.11,khan,I,T,6
1715,1PGA,A,1.82,khan,I,N,6
1716,1PGA,A,2.5,khan,I,V,6
1717,1PGA,A,0.16,khan,I,E,6
1718,1PGA,A,1.6,khan,I,K,6
1719,1PGA,A,2.8,khan,I,L,6
1720,1PGA,A,2.1,khan,I,F,6
1721,1PGA,A,-1.21,khan,T,G,53
1722,1PGA,A,0.87,khan,T,S,53
1723,1PGA,A,0.78,khan,T,C,53
1724,1PGA,A,-0.85,khan,T,D,53
1725,1PGA,A,0.52,khan,T,N,53
1726,1PGA,A,0.94,khan,T,V,53
1727,1PGA,A,0.23,khan,T,E,53
1728,1PGA,A,0.38,khan,T,Q,53
1729,1PGA,A,0.35,khan,T,K,53
1730,1PGA,A,1.25,khan,T,I,53
1731,1PGA,A,0.37,khan,T,H,53
1732,1PGA,A,0.45,khan,T,L,53
1733,1PGA,A,0.9,khan,T,M,53
1734,1PGA,A,0.4,khan,T,R,53
1735,1PGA,A,1.08,khan,T,F,53
1736,1PGA,A,1.63,khan,T,Y,53
1737,1PGA,A,1.04,khan,T,W,53
1738,1POH,A,1.9,khan,K,E,49
1739,1POH,A,-0.9,khan,S,A,46
1740,1POH,A,1.4,khan,S,D,46
1741,1POH,A,0.3,khan,S,N,46
1742,1RGG,A,-6,khan,D,A,33
1743,1RGG,A,-0.3,khan,D,A,79
1744,1RGG,A,-1.2,khan,D,N,79
1745,1RGG,A,0.2,khan,Q,K,94
1746,1RGG,A,-0.3,khan,D,E,79
1747,1RGG,A,2.3,khan,D,K,79
1748,1RGG,A,2.8,khan,D,I,79
1749,1RGG,A,1.8,khan,D,H,79
1750,1RGG,A,2.7,khan,D,L,79
1751,1RGG,A,2.7,khan,D,R,79
1752,1RGG,A,-0.3,khan,D,F,79
1753,1RGG,A,2.9,khan,D,Y,79
1754,1RGG,A,2.3,khan,D,W,79
1755,1RGG,A,-1,khan,R,A,65
1756,1RGG,A,0.4,khan,Q,A,38
1757,1RGG,A,-0.5,khan,V,T,43
1758,1RGG,A,-1.3,khan,V,T,36
1759,1RGG,A,-4.4,khan,V,T,57
1760,1RGG,A,-0.9,khan,V,T,2
1761,1RGG,A,0,khan,H,Q,85
1762,1RGG,A,-2.3,khan,E,Q,54
1763,1RGG,A,-0.7,khan,E,K,41
1764,1RGG,A,0.1,khan,E,K,74
1765,1RGG,A,-0.2,khan,T,V,72
1766,1RGG,A,0.3,khan,T,V,16
1767,1RGG,A,0,khan,T,V,67
1768,1RGG,A,-1.7,khan,T,V,59
1769,1RGG,A,-1.9,khan,T,V,56
1770,1RGG,A,-1.4,khan,T,V,18
1771,1RGG,A,-1.7,khan,T,V,82
1772,1RGG,A,0,khan,T,V,5
1773,1RGG,A,0.4,khan,Y,F,30
1774,1RGG,A,-0.3,khan,Y,F,86
1775,1RGG,A,-0.6,khan,Y,F,55
1776,1RGG,A,-2.3,khan,Y,F,51
1777,1RGG,A,-3.6,khan,Y,F,52
1778,1RGG,A,-1.5,khan,Y,F,80
1779,1RGG,A,-1.2,khan,Y,F,81
1780,1RGG,A,-0.2,khan,Y,F,49
1781,1RGG,A,-1.1,khan,D,K,17
1782,1RGG,A,0.9,khan,D,H,25
1783,1RGG,A,-0.9,khan,D,K,25
1784,1RGG,A,-2.2,khan,N,A,39
1785,1RGG,A,-2.3,khan,N,S,39
1786,1RGG,A,-1.5,khan,N,D,39
1787,1RN1,A,-2.19,khan,V,A,16
1788,1RN1,A,-4.71,khan,V,S,16
1789,1RN1,A,-4.68,khan,V,C,16
1790,1RN1,A,-3.1,khan,V,T,78
1791,1RN1,A,-4.1,khan,V,T,16
1792,1RN1,A,1.1,khan,D,H,49
1793,1RN1,A,-3.7,khan,D,A,76
1794,1RN1,A,-3.1,khan,D,S,76
1795,1RN1,A,-3.1,khan,D,N,76
1796,1RN1,A,-1.6,khan,N,A,44
1797,1RN1,A,-1.5,khan,N,S,44
1798,1RN1,A,-1.6,khan,N,D,44
1799,1RN1,A,-0.9,khan,A,G,21
1800,1RN1,A,-0.4,khan,A,S,21
1801,1RN1,A,-0.74,khan,A,C,21
1802,1RN1,A,-0.57,khan,A,T,21
1803,1RN1,A,0.33,khan,A,D,21
1804,1RN1,A,0.34,khan,A,N,21
1805,1RN1,A,-0.66,khan,A,V,21
1806,1RN1,A,0.05,khan,A,E,21
1807,1RN1,A,-0.26,khan,A,Q,21
1808,1RN1,A,-0.51,khan,A,K,21
1809,1RN1,A,-0.44,khan,A,I,21
1810,1RN1,A,-0.17,khan,A,H,21
1811,1RN1,A,-0.13,khan,A,L,21
1812,1RN1,A,-0.15,khan,A,M,21
1813,1RN1,A,-0.41,khan,A,R,21
1814,1RN1,A,-0.57,khan,A,F,21
1815,1RN1,A,-0.39,khan,A,Y,21
1816,1RN1,A,-0.3,khan,A,W,21
1817,1RN1,A,-0.62,khan,H,A,92
1818,1RN1,A,-0.26,khan,H,T,40
1819,1RN1,A,-0.93,khan,W,Y,59
1820,1RN1,A,-0.14,khan,Y,W,42
1821,1RN1,A,0.74,khan,Y,W,45
1822,1RN1,A,0.29,khan,Y,W,24
1823,1RN1,A,-2.87,khan,N,A,81
1824,1RN1,A,-0.71,khan,N,A,9
1825,1RN1,A,0,khan,N,A,36
1826,1RN1,A,-2.03,khan,Y,F,11
1827,1RN1,A,-1.35,khan,Y,F,68
1828,1RN1,A,-0.44,khan,Y,F,57
1829,1RN1,A,-0.71,khan,Y,F,56
1830,1RN1,A,1.14,khan,Y,F,42
1831,1RN1,A,-1.44,khan,S,A,64
1832,1RN1,A,-1.08,khan,S,A,12
1833,1RN1,A,0.57,khan,S,A,17
1834,1RN1,A,-0.77,khan,E,A,58
1835,1RN1,A,0.05,khan,Q,K,25
1836,1ROP,A,2,khan,D,G,30
1837,1ROP,A,0.3,khan,D,A,30
1838,1ROP,A,1,khan,D,S,30
1839,1ROP,A,0.8,khan,D,C,30
1840,1ROP,A,-1.6,khan,D,P,30
1841,1ROP,A,-0.4,khan,D,T,30
1842,1ROP,A,0.8,khan,D,N,30
1843,1ROP,A,-0.4,khan,D,V,30
1844,1ROP,A,1,khan,D,E,30
1845,1ROP,A,1.8,khan,D,Q,30
1846,1ROP,A,0.9,khan,D,K,30
1847,1ROP,A,-0.8,khan,D,I,30
1848,1ROP,A,0.9,khan,D,H,30
1849,1ROP,A,-0.1,khan,D,L,30
1850,1ROP,A,0.6,khan,D,M,30
1851,1ROP,A,0.8,khan,D,R,30
1852,1ROP,A,-0.1,khan,D,F,30
1853,1ROP,A,0.2,khan,D,Y,30
1854,1ROP,A,-0.4,khan,D,W,30
1855,1ROP,A,-6.12,khan,L,A,41
1856,1ROP,A,-2.53,khan,L,V,41
1857,1RRO,A,-0.74,khan,P,A,21
1858,1RRO,A,-0.74,khan,P,A,26
1859,1RTB,A,-2.5,khan,S,A,75
1860,1RTB,A,-2.8,khan,S,T,75
1861,1RTB,A,-4.81,khan,I,G,81
1862,1RTB,A,-4.38,khan,I,A,106
1863,1RTB,A,-2.85,khan,I,A,107
1864,1RTB,A,-2.99,khan,I,A,81
1865,1RTB,A,-4.87,khan,V,G,54
1866,1RTB,A,-1.18,khan,V,G,116
1867,1RTB,A,-2.78,khan,V,G,118
1868,1RTB,A,-7.35,khan,V,G,47
1869,1RTB,A,-5.52,khan,V,G,57
1870,1RTB,A,-7.29,khan,V,G,108
1871,1RTB,A,-3.5,khan,V,G,63
1872,1RTB,A,-3.8,khan,V,A,47
1873,1RTB,A,-2.58,khan,V,A,54
1874,1RTB,A,-0.67,khan,V,A,116
1875,1RTB,A,-1.92,khan,V,A,118
1876,1RTB,A,-4.2,khan,V,A,108
1877,1RTB,A,-2.85,khan,V,A,57
1878,1RTB,A,-2.03,khan,V,A,63
1879,1RTB,A,-0.43,khan,I,V,81
1880,1RTB,A,-0.8,khan,I,V,106
1881,1RTB,A,-0.08,khan,I,V,107
1882,1RTB,A,-0.44,khan,A,G,64
1883,1RTB,A,-0.43,khan,A,G,109
1884,1RTB,A,0.46,khan,S,A,123
1885,1RTB,A,-1.79,khan,I,L,106
1886,1RTB,A,-2.2,khan,I,L,107
1887,1RTB,A,0.08,khan,A,S,5
1888,1RTB,A,-0.22,khan,A,S,4
1889,1RTB,A,-1.95,khan,V,I,54
1890,1RTB,A,-0.44,khan,V,I,108
1891,1RTB,A,-1.3,khan,V,I,57
1892,1RTB,A,-1.09,khan,V,L,54
1893,1RTB,A,-0.7,khan,V,L,108
1894,1RTB,A,-2.37,khan,V,L,57
1895,1RTB,A,-6.36,khan,F,A,46
1896,1RTB,A,-4.55,khan,F,V,46
1897,1RTB,A,-3.21,khan,F,L,46
1898,1RTB,A,0.2,khan,H,A,119
1899,1RTB,A,-2.2,khan,P,G,93
1900,1RTB,A,-0.72,khan,D,A,121
1901,1RTB,A,-0.76,khan,D,N,121
1902,1RTB,A,-11.7,khan,Y,G,97
1903,1RTB,A,-12,khan,Y,A,97
1904,1RTB,A,-3.54,khan,Y,F,97
1905,1RTB,A,-2.8,khan,P,G,114
1906,1RTB,A,-3.2,khan,P,A,114
1907,1RTB,A,-2.7,khan,P,A,93
1908,1RTB,A,-2.1,khan,P,S,93
1909,1RTP,1,-0.29,khan,K,S,80
1910,1RTP,1,1.25,khan,H,P,26
1911,1RTP,1,0.45,khan,A,P,21
1912,1RX4,A,0.2,khan,V,A,88
1913,1RX4,A,-1.73,khan,V,I,88
1914,1RX4,A,-0.2,khan,V,A,75
1915,1RX4,A,-1.9,khan,V,S,75
1916,1RX4,A,-0.2,khan,V,C,75
1917,1RX4,A,-1.36,khan,E,Q,139
1918,1RX4,A,-2.36,khan,E,K,139
1919,1RX4,A,-2,khan,V,I,75
1920,1RX4,A,-1.7,khan,V,H,75
1921,1RX4,A,0.5,khan,L,R,28
1922,1RX4,A,-2.8,khan,V,R,75
1923,1RX4,A,-2.3,khan,V,Y,75
1924,1SHG,A,0.57,khan,D,G,48
1925,1SHG,A,0.6,khan,A,V,11
1926,1SHG,A,0.03,khan,Y,F,13
1927,1SHG,A,0.07,khan,Y,F,57
1928,1SHG,A,-0.44,khan,F,Y,52
1929,1SHG,A,0.92,khan,K,F,59
1930,1SHG,A,2.33,khan,K,F,18
1931,1SHG,A,0.84,khan,K,Y,59
1932,1SHG,A,-0.05,khan,K,Y,18
1933,1SSO,A,-0.4,khan,I,V,29
1934,1STN,A,-0.4,khan,W,H,140
1935,1STN,A,-4.5,khan,W,L,140
1936,1STN,A,-0.6,khan,W,F,140
1937,1STN,A,-1.1,khan,W,Y,140
1938,1STN,A,-1,khan,F,W,76
1939,1STN,A,-0.12,khan,S,A,141
1940,1STN,A,-2.6,khan,L,A,25
1941,1STN,A,0.3,khan,V,L,66
1942,1STN,A,-1.2,khan,G,S,79
1943,1STN,A,0.5,khan,G,V,88
1944,1STN,A,-4.7,khan,F,G,61
1945,1STN,A,-4.7,khan,F,G,76
1946,1STN,A,-5.3,khan,Y,S,91
1947,1STN,A,-4.1,khan,F,A,76
1948,1STN,A,-2.4,khan,F,A,61
1949,1STN,A,-5.4,khan,L,G,36
1950,1STN,A,-3.9,khan,L,G,37
1951,1STN,A,-2.6,khan,I,G,18
1952,1STN,A,-4.6,khan,L,A,103
1953,1STN,A,-3.6,khan,L,A,36
1954,1STN,A,-1.8,khan,L,A,37
1955,1STN,A,-3.1,khan,D,G,95
1956,1STN,A,-2.8,khan,D,G,83
1957,1STN,A,-2.2,khan,D,G,77
1958,1STN,A,-1.6,khan,E,A,73
1959,1STN,A,0,khan,F,V,76
1960,1STN,A,-3.4,khan,T,G,62
1961,1STN,A,-3.9,khan,D,A,83
1962,1STN,A,-3.2,khan,D,A,77
1963,1STN,A,-3.6,khan,D,A,95
1964,1STN,A,-2.4,khan,T,A,62
1965,1STN,A,-1.5,khan,A,G,60
1966,1STN,A,-1.4,khan,T,S,33
1967,1STN,A,-2.5,khan,N,D,118
1968,1STN,A,0.7,khan,H,L,124
1969,1STN,A,-0.2,khan,I,M,18
1970,1STN,A,-2,khan,A,S,90
1971,1STN,A,-1.2,khan,L,F,89
1972,1STN,A,0,khan,H,Y,46
1973,1STN,A,-2.9,khan,A,V,60
1974,1STN,A,-1.5,khan,V,F,23
1975,1SUP,A,0.72,khan,Y,K,217
1976,1SUP,A,1.25,khan,Q,C,206
1977,1SUP,A,1.07,khan,N,S,218
1978,1SUP,A,0.45,khan,N,D,76
1979,1SUP,A,0.3,khan,G,A,169
1980,1SUP,A,0.48,khan,M,F,50
1981,1TUP,A,-1.95,khan,R,S,249
1982,1TUP,A,-1.94,khan,R,Q,248
1983,1TUP,A,-3.01,khan,R,H,175
1984,1TUP,A,-0.35,khan,R,H,273
1985,1TUP,A,-2.94,khan,C,S,242
1986,1VQB,A,-0.4,khan,Y,A,41
1987,1VQB,A,-2.1,khan,M,A,77
1988,1VQB,A,-7.7,khan,L,A,37
1989,1VQB,A,-6.1,khan,L,A,49
1990,1VQB,A,-5,khan,F,V,68
1991,1VQB,A,0,khan,M,C,77
1992,1VQB,A,-4.6,khan,L,C,37
1993,1VQB,A,-4.1,khan,L,C,49
1994,1VQB,A,-3.7,khan,L,C,81
1995,1VQB,A,-4.4,khan,I,C,78
1996,1VQB,A,-10.8,khan,V,A,35
1997,1VQB,A,-2.1,khan,V,A,45
1998,1VQB,A,-1.6,khan,E,C,40
1999,1VQB,A,-0.8,khan,M,T,77
2000,1VQB,A,-5.7,khan,L,T,49
2001,1VQB,A,-5.2,khan,L,T,37
2002,1VQB,A,-5.1,khan,L,T,81
2003,1VQB,A,-6.6,khan,I,T,78
2004,1VQB,A,-0.4,khan,E,T,40
2005,1VQB,A,-2.9,khan,L,V,49
2006,1VQB,A,-3.5,khan,L,V,37
2007,1VQB,A,-0.2,khan,L,V,81
2008,1VQB,A,-1.3,khan,I,V,78
2009,1VQB,A,0.8,khan,K,V,24
2010,1VQB,A,-4.1,khan,V,C,63
2011,1VQB,A,-2.1,khan,V,C,43
2012,1VQB,A,-0.3,khan,V,C,19
2013,1VQB,A,-0.5,khan,C,A,33
2014,1VQB,A,-1.1,khan,E,N,30
2015,1VQB,A,-0.4,khan,Y,R,26
2016,1VQB,A,-5,khan,V,T,63
2017,1VQB,A,-5.3,khan,V,T,35
2018,1VQB,A,-3.5,khan,V,T,70
2019,1VQB,A,-1.6,khan,V,T,43
2020,1VQB,A,-3.5,khan,V,T,45
2021,1VQB,A,-0.6,khan,V,T,19
2022,1VQB,A,-0.7,khan,T,C,62
2023,1VQB,A,-0.8,khan,T,C,48
2024,1VQB,A,-1.2,khan,M,L,77
2025,1VQB,A,-1.9,khan,L,I,49
2026,1VQB,A,-1.4,khan,L,I,37
2027,1VQB,A,-0.9,khan,L,H,32
2028,1VQB,A,0.1,khan,K,M,69
2029,1VQB,A,0.6,khan,E,M,30
2030,1VQB,A,-4.6,khan,C,T,33
2031,1VQB,A,-3.7,khan,S,C,67
2032,1VQB,A,0,khan,T,V,48
2033,1VQB,A,1.3,khan,T,V,62
2034,1VQB,A,-1.6,khan,S,T,67
2035,1VQB,A,-3,khan,V,L,45
2036,1VQB,A,-1.6,khan,L,R,32
2037,1VQB,A,-0.2,khan,M,F,77
2038,1VQB,A,-0.9,khan,C,I,33
2039,1VQB,A,-2.6,khan,C,L,33
2040,1VQB,A,2.8,khan,L,W,32
2041,1VQB,A,-1.5,khan,R,C,82
2042,1VQB,A,-0.7,khan,F,T,13
2043,1VQB,A,0.5,khan,H,C,64
2044,1VQB,A,-1.5,khan,L,P,65
2045,1VQB,A,1.2,khan,M,V,77
2046,1VQB,A,1.1,khan,L,V,28
2047,1VQB,A,-0.04,khan,I,V,6
2048,1VQB,A,-0.1,khan,V,C,45
2049,1VQB,A,-0.6,khan,Y,F,41
2050,1VQB,A,1.6,khan,M,I,77
2051,1VQB,A,-0.2,khan,C,V,33
2052,1VQB,A,-0.7,khan,A,T,86
2053,1VQB,A,0.8,khan,F,W,73
2054,1VQB,A,1.17,khan,E,F,30
2055,1VQB,A,0.15,khan,L,Y,32
2056,1VQB,A,0.5,khan,A,V,86
2057,1VQB,A,-3.5,khan,C,M,33
2058,1VQB,A,-7,khan,I,A,47
2059,1VQB,A,-5.2,khan,I,C,47
2060,1VQB,A,-7.4,khan,I,T,47
2061,1VQB,A,-4.2,khan,F,L,68
2062,1VQB,A,-2.5,khan,I,V,47
2063,1VQB,A,-3.1,khan,V,C,70
2064,1VQB,A,-1.4,khan,V,C,35
2065,1VQB,A,-2,khan,D,C,36
2066,1VQB,A,-5,khan,V,P,70
2067,1VQB,A,-4.2,khan,C,S,33
2068,1VQB,A,-1.2,khan,K,H,69
2069,1VQB,A,-0.6,khan,I,L,47
2070,1VQB,A,-1,khan,D,N,36
2071,1VQB,A,-2.1,khan,I,M,47
2072,1VQB,A,-0.6,khan,V,I,35
2073,1VQB,A,-2.7,khan,V,L,35
2074,1VQB,A,-1,khan,V,M,35
2075,1VQB,A,-1.5,khan,D,H,50
2076,1VQB,A,-1.9,khan,I,F,47
2077,1VQB,A,-3.1,khan,V,F,35
2078,1W4E,A,-1.9,khan,L,G,159
2079,1W4E,A,-1.4,khan,I,G,130
2080,1W4E,A,-2,khan,L,A,159
2081,1W4E,A,-1.2,khan,L,A,167
2082,1W4E,A,-2.7,khan,I,A,146
2083,1W4E,A,-0.7,khan,I,A,130
2084,1W4E,A,-1,khan,V,G,129
2085,1W4E,A,-4.1,khan,V,G,149
2086,1W4E,A,-3.7,khan,D,G,164
2087,1W4E,A,-0.7,khan,E,A,141
2088,1W4E,A,-2,khan,V,A,144
2089,1W4E,A,-2.8,khan,V,A,149
2090,1W4E,A,-3.2,khan,V,A,158
2091,1W4E,A,-1.5,khan,V,A,135
2092,1W4E,A,-0.7,khan,V,A,129
2093,1W4E,A,-2.1,khan,D,A,145
2094,1W4E,A,-2.3,khan,D,A,164
2095,1W4E,A,-0.6,khan,L,V,159
2096,1W4E,A,-0.2,khan,L,V,167
2097,1W4E,A,-1.2,khan,I,V,146
2098,1W4E,A,-0.5,khan,I,V,163
2099,1W4E,A,-0.2,khan,I,V,130
2100,1W4E,A,-1.7,khan,A,G,131
2101,1W4E,A,-2.3,khan,A,G,139
2102,1W4E,A,-0.9,khan,A,G,165
2103,1W4E,A,-0.3,khan,A,G,168
2104,1W4E,A,-2,khan,Y,F,138
2105,1W4E,A,-0.4,khan,E,Q,141
2106,1W4E,A,-0.9,khan,D,N,145
2107,1W4E,A,-1.9,khan,D,N,164
2108,1W4E,A,-2,khan,D,N,162
2183,2ABD,A,-2.47,khan,Y,A,28
2184,2ABD,A,-4.83,khan,Y,A,73
2185,2ABD,A,-2.52,khan,F,A,5
2186,2ABD,A,-3.1,khan,L,A,15
2187,2ABD,A,-1.02,khan,L,A,25
2188,2ABD,A,-3.7,khan,L,A,80
2189,2ABD,A,-2.23,khan,Y,N,28
2190,2ABD,A,-1.52,khan,Y,N,31
2191,2ABD,A,-1.02,khan,K,A,32
2192,2ABD,A,-0.86,khan,K,A,54
2193,2ABD,A,-3.66,khan,Q,A,33
2194,2ABD,A,-0.36,khan,E,A,67
2195,2ABD,A,-1.69,khan,V,A,12
2196,2ABD,A,-1.14,khan,V,A,77
2197,2ABD,A,0.42,khan,D,A,21
2198,2ABD,A,-1.09,khan,T,A,35
2199,2ABD,A,-1.07,khan,P,A,19
2200,2ABD,A,-1.4,khan,P,A,44
2201,2ABD,A,-1.57,khan,A,G,34
2202,2ABD,A,-1.81,khan,A,G,9
2203,2ABD,A,-1.06,khan,Y,F,28
2204,2ABD,A,0.27,khan,Y,F,73
2205,2ABD,A,-1.68,khan,K,E,32
2206,2ABD,A,0.18,khan,K,M,52
2207,2ABD,A,0.27,khan,K,M,54
2208,2ABD,A,-0.56,khan,D,H,21
2209,2ABD,A,-1.83,khan,K,R,32
2210,2AFG,A,0.33,khan,F,Y,108
2211,2AFG,A,-0.08,khan,V,I,109
2212,2AFG,A,0.31,khan,L,F,44
2213,2AFG,A,0.38,khan,H,Y,21
2214,2AFG,A,0.1,khan,H,Y,102
2215,2AFG,A,-0.14,khan,L,P,44
2216,2AFG,A,-0.89,khan,L,V,73
2217,2AFG,A,-0.57,khan,V,L,109
2218,2AFG,A,0.55,khan,H,G,93
2219,2AFG,A,-1.82,khan,C,S,83
2220,2AFG,A,-0.26,khan,C,S,117
2221,2AFG,A,-0.84,khan,C,S,16
2222,2AKY,A,-2.15,khan,N,D,169
2223,2AKY,A,-1.2,khan,V,I,8
2224,2AKY,A,-1.91,khan,I,F,213
2225,2AKY,A,-2.15,khan,T,H,77
2226,2CI2,I,-3.84,khan,F,A,69
2227,2CI2,I,-0.58,khan,R,A,62
2228,2CI2,I,-1.38,khan,L,G,40
2229,2CI2,I,-3.52,khan,I,G,49
2230,2CI2,I,-3.19,khan,K,G,43
2231,2CI2,I,-0.97,khan,K,G,37
2232,2CI2,I,-2.32,khan,K,G,36
2233,2CI2,I,-0.6,khan,Q,G,41
2234,2CI2,I,-2.37,khan,L,A,51
2235,2CI2,I,-1.33,khan,L,A,40
2236,2CI2,I,-0.03,khan,I,A,56
2237,2CI2,I,-2.12,khan,I,A,49
2238,2CI2,I,-0.55,khan,K,A,21
2239,2CI2,I,0.42,khan,K,A,30
2240,2CI2,I,0.21,khan,K,A,37
2241,2CI2,I,-0.49,khan,K,A,36
2242,2CI2,I,-2.43,khan,V,G,53
2243,2CI2,I,-3.24,khan,V,G,79
2244,2CI2,I,-3.5,khan,V,G,82
2245,2CI2,I,-0.02,khan,Q,A,41
2246,2CI2,I,-0.32,khan,E,A,45
2247,2CI2,I,-0.47,khan,E,A,26
2248,2CI2,I,-2.39,khan,F,V,69
2249,2CI2,I,-1.16,khan,T,G,22
2250,2CI2,I,-0.63,khan,V,A,53
2251,2CI2,I,-1.47,khan,V,A,57
2252,2CI2,I,-1.51,khan,V,A,79
2253,2CI2,I,-1.45,khan,V,A,82
2254,2CI2,I,-0.83,khan,N,A,75
2255,2CI2,I,-0.8,khan,D,A,64
2256,2CI2,I,-0.96,khan,D,A,42
2257,2CI2,I,-3.41,khan,D,A,71
2258,2CI2,I,-1.34,khan,I,T,49
2259,2CI2,I,-2.11,khan,F,L,69
2260,2CI2,I,0.23,khan,T,A,55
2261,2CI2,I,-0.8,khan,S,G,31
2262,2CI2,I,-0.85,khan,T,A,22
2263,2CI2,I,-0.17,khan,P,A,52
2264,2CI2,I,-1.76,khan,P,A,44
2265,2CI2,I,-1.57,khan,P,A,25
2266,2CI2,I,-3.34,khan,P,A,80
2267,2CI2,I,-0.5,khan,L,V,51
2268,2CI2,I,0.08,khan,I,V,49
2269,2CI2,I,0,khan,K,N,72
2270,2CI2,I,-0.02,khan,T,S,55
2271,2CI2,I,-1.09,khan,A,G,35
2272,2CI2,I,-1.88,khan,A,G,77
2273,2CI2,I,-0.52,khan,E,D,33
2274,2CI2,I,-0.74,khan,E,D,34
2275,2CI2,I,-0.7,khan,E,N,33
2276,2CI2,I,-1.07,khan,E,N,34
2277,2CI2,I,-1.03,khan,V,T,53
2278,2CI2,I,-0.38,khan,V,T,79
2279,2CI2,I,-1.15,khan,V,T,82
2280,2CI2,I,-0.89,khan,S,A,31
2281,2CI2,I,-1.21,khan,N,D,75
2282,2CI2,I,-0.26,khan,L,I,51
2283,2CI2,I,-0.29,khan,E,Q,33
2284,2CI2,I,-0.47,khan,E,Q,34
2285,2CI2,I,-0.62,khan,E,Q,26
2286,2CI2,I,-0.67,khan,K,M,21
2287,2CI2,I,0.32,khan,Q,M,47
2288,2CI2,I,-0.76,khan,T,V,55
2289,2CI2,I,-0.32,khan,T,V,22
2290,2CI2,I,0.26,khan,K,A,43
2291,2CI2,I,0.64,khan,E,A,33
2292,2CI2,I,-0.68,khan,E,A,60
2293,2CI2,I,-0.69,khan,T,A,58
2294,2CI2,I,0.04,khan,T,D,58
2295,2CI2,I,-2.64,khan,L,A,27
2296,2CI2,I,-3.74,khan,L,A,68
2297,2CI2,I,-3.84,khan,I,A,48
2298,2CI2,I,-4.23,khan,I,A,76
2299,2CI2,I,-0.46,khan,V,A,38
2300,2CI2,I,-4.88,khan,V,A,66
2301,2CI2,I,-1.95,khan,V,A,70
2302,2CI2,I,0.09,khan,I,V,76
2303,2CI2,I,-1.16,khan,I,V,39
2304,2CI2,I,-0.92,khan,I,V,48
2305,2HPR,A,0.7,khan,S,D,46
2306,2LZM,A,-5.5,khan,Y,A,24
2307,2LZM,A,-3,khan,R,A,14
2308,2LZM,A,-3,khan,L,A,32
2309,2LZM,A,-2,khan,G,A,28
2310,2LZM,A,-1.1,khan,V,A,111
2311,2LZM,A,-0.4,khan,I,V,100
2312,2LZM,A,-0.8,khan,I,V,78
2313,2LZM,A,0.2,khan,M,I,106
2314,2LZM,A,-1.2,khan,L,I,118
2315,2LZM,A,-0.5,khan,V,I,103
2316,2LZM,A,0,khan,V,I,149
2317,2LZM,A,-0.3,khan,V,I,87
2318,2LZM,A,-0.1,khan,M,Y,120
2319,2LZM,A,-0.8,khan,N,A,53
2320,2LZM,A,-0.2,khan,T,A,34
2321,2LZM,A,-0.77,khan,S,A,38
2322,2LZM,A,-4.9,khan,V,G,149
2323,2LZM,A,-3.1,khan,V,A,149
2324,2LZM,A,-1.5,khan,N,A,101
2325,2LZM,A,-3.4,khan,I,T,58
2326,2LZM,A,-4.4,khan,V,S,149
2327,2LZM,A,-1.5,khan,T,A,152
2328,2LZM,A,-2,khan,V,C,149
2329,2LZM,A,-2,khan,T,S,152
2330,2LZM,A,-0.5,khan,T,C,152
2331,2LZM,A,-1.2,khan,Q,M,105
2332,2LZM,A,0.2,khan,T,V,152
2333,2LZM,A,-0.4,khan,T,I,152
2334,2LZM,A,0,khan,R,E,119
2335,2LZM,A,-5.6,khan,L,G,99
2336,2LZM,A,-3.1,khan,L,A,99
2337,2LZM,A,0.7,khan,E,V,108
2338,2LZM,A,-3.1,khan,F,A,104
2339,2LZM,A,-1.9,khan,F,A,67
2340,2LZM,A,-2.3,khan,M,A,106
2341,2LZM,A,-1.9,khan,M,A,6
2342,2LZM,A,-3.9,khan,L,A,84
2343,2LZM,A,-3.9,khan,L,A,66
2344,2LZM,A,-3.1,khan,L,A,91
2345,2LZM,A,-3.6,khan,L,A,33
2346,2LZM,A,-2.6,khan,L,A,7
2347,2LZM,A,-3.4,khan,I,A,100
2348,2LZM,A,-1.6,khan,I,A,78
2349,2LZM,A,-3.2,khan,I,A,58
2350,2LZM,A,-2.7,khan,I,A,17
2351,2LZM,A,-2.6,khan,I,A,29
2352,2LZM,A,-3.1,khan,I,A,27
2353,2LZM,A,-2,khan,I,A,50
2354,2LZM,A,-1.8,khan,V,A,94
2355,2LZM,A,-1.7,khan,V,A,87
2356,2LZM,A,-2.2,khan,V,A,103
2357,2LZM,A,-1.5,khan,V,A,71
2358,2LZM,A,-3.4,khan,M,K,106
2359,2LZM,A,-1.6,khan,M,K,120
2360,2LZM,A,-2.8,khan,M,L,6
2361,2LZM,A,0.5,khan,M,L,106
2362,2LZM,A,0.5,khan,M,L,120
2363,2LZM,A,-3.4,khan,F,A,153
2364,2LZM,A,-1,khan,L,A,121
2365,2LZM,A,-1.9,khan,L,M,84
2366,2LZM,A,-0.8,khan,L,M,91
2367,2LZM,A,-0.7,khan,L,M,118
2368,2LZM,A,-0.4,khan,L,M,133
2369,2LZM,A,-0.4,khan,L,M,99
2370,2LZM,A,-0.8,khan,L,M,121
2371,2LZM,A,-1.6,khan,I,M,100
2372,2LZM,A,-1.5,khan,I,M,78
2373,2LZM,A,-1.2,khan,V,M,103
2374,2LZM,A,-1.3,khan,A,L,129
2375,2LZM,A,-1.9,khan,A,M,129
2376,2LZM,A,-0.17,khan,R,A,119
2377,2LZM,A,-0.2,khan,M,A,120
2378,2LZM,A,-0.22,khan,Q,A,123
2379,2LZM,A,-0.24,khan,Q,A,122
2380,2LZM,A,1.1,khan,E,A,11
2381,2LZM,A,0.17,khan,N,A,116
2382,2LZM,A,-0.3,khan,D,A,20
2383,2LZM,A,-0.14,khan,T,A,115
2384,2LZM,A,0.7,khan,D,S,20
2385,2LZM,A,-0.1,khan,E,N,11
2386,2LZM,A,1.16,khan,S,A,117
2387,2LZM,A,0.9,khan,D,T,20
2388,2LZM,A,1.3,khan,D,N,20
2389,2LZM,A,0.1,khan,E,H,11
2390,2LZM,A,1.6,khan,E,M,11
2391,2LZM,A,0.1,khan,G,A,30
2392,2LZM,A,1.2,khan,N,I,132
2393,2LZM,A,1.5,khan,N,M,132
2394,2LZM,A,2,khan,S,V,117
2395,2LZM,A,1.7,khan,E,F,11
2396,2LZM,A,0.3,khan,A,V,41
2397,2LZM,A,1.3,khan,N,F,132
2398,2LZM,A,1.4,khan,S,I,117
2399,2LZM,A,-1.5,khan,G,F,30
2400,2LZM,A,-0.9,khan,L,A,39
2401,2LZM,A,-0.68,khan,V,G,131
2402,2LZM,A,-0.05,khan,N,A,68
2403,2LZM,A,0.2,khan,N,A,40
2404,2LZM,A,-0.05,khan,V,S,131
2405,2LZM,A,-0.53,khan,S,G,44
2406,2LZM,A,0.08,khan,V,D,131
2407,2LZM,A,-0.11,khan,S,C,44
2408,2LZM,A,0.2,khan,V,E,131
2409,2LZM,A,-3.03,khan,S,P,44
2410,2LZM,A,0.01,khan,S,T,44
2411,2LZM,A,0.16,khan,V,I,131
2412,2LZM,A,0.09,khan,V,L,131
2413,2LZM,A,0.12,khan,V,M,131
2414,2LZM,A,-0.11,khan,S,D,44
2415,2LZM,A,-0.14,khan,S,N,44
2416,2LZM,A,0.1,khan,S,V,44
2417,2LZM,A,0,khan,S,E,44
2418,2LZM,A,0.27,khan,S,Q,44
2419,2LZM,A,0.2,khan,S,K,44
2420,2LZM,A,0.31,khan,S,I,44
2421,2LZM,A,0.04,khan,S,H,44
2422,2LZM,A,0.39,khan,S,L,44
2423,2LZM,A,-3.7,khan,A,K,42
2424,2LZM,A,0.24,khan,S,R,44
2425,2LZM,A,0.06,khan,S,F,44
2426,2LZM,A,0.19,khan,S,Y,44
2427,2LZM,A,0.05,khan,S,W,44
2428,2LZM,A,-1.5,khan,Q,G,105
2429,2LZM,A,-0.6,khan,Q,A,105
2430,2LZM,A,-1.8,khan,F,V,153
2431,2LZM,A,-0.2,khan,F,I,153
2432,2LZM,A,0.2,khan,F,L,153
2433,2LZM,A,-0.17,khan,R,K,80
2434,2LZM,A,-0.03,khan,R,K,14
2435,2LZM,A,-0.6,khan,F,M,153
2436,2LZM,A,-0.29,khan,R,H,119
2437,2LZM,A,-2,khan,L,V,99
2438,2LZM,A,0.39,khan,T,S,151
2439,2LZM,A,0.57,khan,T,S,26
2440,2LZM,A,-2.8,khan,V,T,149
2441,2LZM,A,-1.6,khan,V,T,87
2442,2LZM,A,-1.3,khan,V,T,75
2443,2LZM,A,-0.21,khan,N,D,163
2444,2LZM,A,0.44,khan,N,D,40
2445,2LZM,A,-0.5,khan,Q,E,105
2446,2LZM,A,-1.4,khan,L,I,99
2447,2LZM,A,-1.3,khan,L,I,121
2448,2LZM,A,0.57,khan,E,K,22
2449,2LZM,A,-2.5,khan,A,S,98
2450,2LZM,A,-0.4,khan,A,S,73
2451,2LZM,A,-2.3,khan,A,S,42
2452,2LZM,A,-1,khan,A,S,130
2453,2LZM,A,-0.6,khan,A,S,41
2454,2LZM,A,-0.1,khan,A,S,134
2455,2LZM,A,-0.2,khan,A,S,93
2456,2LZM,A,-0.3,khan,A,S,82
2457,2LZM,A,-0.5,khan,A,S,49
2458,2LZM,A,0.06,khan,A,T,93
2459,2LZM,A,0.29,khan,A,D,41
2460,2LZM,A,0.3,khan,G,E,113
2461,2LZM,A,1.1,khan,S,F,117
2462,2LZM,A,-4.19,khan,L,A,133
2463,2LZM,A,-3.5,khan,L,A,118
2464,2LZM,A,-1.86,khan,L,A,46
2465,2LZM,A,-0.96,khan,K,A,43
2466,2LZM,A,-0.32,khan,K,A,48
2467,2LZM,A,0.01,khan,E,A,45
2468,2LZM,A,-1.6,khan,T,G,59
2469,2LZM,A,-0.28,khan,D,A,47
2470,2LZM,A,0.24,khan,D,A,127
2471,2LZM,A,-2.53,khan,I,P,3
2472,2LZM,A,0,khan,K,P,60
2473,2LZM,A,-1.5,khan,T,A,59
2474,2LZM,A,-2.9,khan,Q,P,69
2475,2LZM,A,-0.2,khan,T,S,59
2476,2LZM,A,-2.6,khan,D,P,72
2477,2LZM,A,0.34,khan,S,A,44
2478,2LZM,A,-0.74,khan,M,L,102
2479,2LZM,A,-0.9,khan,T,D,59
2480,2LZM,A,-0.6,khan,T,N,59
2481,2LZM,A,-1.5,khan,T,V,59
2482,2LZM,A,0.1,khan,G,A,113
2483,2LZM,A,-0.69,khan,V,I,111
2484,2LZM,A,-4.5,khan,A,P,74
2485,2LZM,A,-0.07,khan,A,P,82
2486,2LZM,A,0.03,khan,A,P,93
2487,2LZM,A,0.03,khan,L,F,99
2488,2LZM,A,-0.53,khan,I,F,3
2489,2LZM,A,-1.43,khan,V,F,111
2490,2LZM,A,0.16,khan,E,A,128
2491,2LZM,A,0.2,khan,R,E,154
2492,2LZM,A,-0.5,khan,T,A,157
2493,2LZM,A,0.1,khan,R,M,119
2494,2LZM,A,-4.9,khan,L,D,133
2495,2LZM,A,-0.2,khan,K,E,135
2496,2LZM,A,0.1,khan,K,E,147
2497,2LZM,A,0.1,khan,K,E,16
2498,2LZM,A,-2.2,khan,M,K,102
2499,2LZM,A,-0.1,khan,N,D,144
2500,2LZM,A,-0.1,khan,N,D,116
2501,2LZM,A,0.1,khan,Q,E,123
2502,2LZM,A,-0.4,khan,K,H,83
2503,2LZM,A,-0.1,khan,K,H,60
2504,2LZM,A,-0.1,khan,D,N,92
2505,2LZM,A,-0.3,khan,T,D,109
2506,2LZM,A,0,khan,T,N,109
2507,2LZM,A,-1.2,khan,T,V,157
2508,2LZM,A,0.2,khan,N,E,144
2509,2LZM,A,0.3,khan,N,H,144
2510,2LZM,A,-0.8,khan,T,E,157
2511,2LZM,A,0,khan,T,E,115
2512,2LZM,A,-0.1,khan,S,D,38
2513,2LZM,A,0,khan,S,N,38
2514,2LZM,A,-4.4,khan,A,V,98
2515,2LZM,A,-1,khan,S,H,90
2516,2LZM,A,0.3,khan,T,R,157
2517,2LZM,A,0.15,khan,V,A,131
2518,2LZM,A,-4,khan,H,N,31
2519,2LZM,A,-0.05,khan,V,T,131
2520,2LZM,A,0,khan,K,G,124
2521,2LZM,A,-0.5,khan,N,G,55
2522,2LZM,A,-0.2,khan,L,F,133
2523,2LZM,A,-0.7,khan,A,V,129
2524,2LZM,A,-1.8,khan,I,G,3
2525,2LZM,A,-0.7,khan,I,A,3
2526,2LZM,A,-1.7,khan,I,S,3
2527,2LZM,A,-0.4,khan,I,C,3
2528,2LZM,A,-1.7,khan,I,T,3
2529,2LZM,A,-2.8,khan,R,H,96
2530,2LZM,A,-1.8,khan,I,D,3
2531,2LZM,A,-0.4,khan,I,V,3
2532,2LZM,A,-1.1,khan,I,E,3
2533,2LZM,A,0.4,khan,I,L,3
2534,2LZM,A,-0.3,khan,I,M,3
2535,2LZM,A,0.3,khan,C,T,54
2536,2LZM,A,-0.7,khan,C,V,54
2537,2LZM,A,-1.5,khan,A,T,146
2538,2LZM,A,-2.3,khan,I,Y,3
2539,2LZM,A,-2.8,khan,I,W,3
2540,2LZM,A,-1.1,khan,T,G,157
2541,2LZM,A,-0.66,khan,T,S,157
2542,2LZM,A,-1.3,khan,T,C,157
2543,2LZM,A,-1.38,khan,M,I,6
2544,2LZM,A,-1.1,khan,T,D,157
2545,2LZM,A,-0.45,khan,T,N,157
2546,2LZM,A,0.4,khan,G,A,77
2547,2LZM,A,-1.65,khan,A,T,160
2548,2LZM,A,-1.2,khan,T,I,157
2549,2LZM,A,-2.1,khan,T,H,157
2550,2LZM,A,-1.3,khan,T,L,157
2551,2LZM,A,-1.4,khan,G,D,156
2552,2LZM,A,-2.4,khan,T,F,157
2553,2LZM,A,-3,khan,M,V,102
2554,2LZM,A,-1.16,khan,E,K,128
2555,2LZM,A,-1.71,khan,W,Y,138
2556,2RN2,A,-1.4,khan,A,G,52
2557,2RN2,A,-1.8,khan,A,S,52
2558,2RN2,A,0.8,khan,A,C,52
2559,2RN2,A,-1.6,khan,A,P,52
2560,2RN2,A,-0.8,khan,A,T,52
2561,2RN2,A,-1.9,khan,A,D,52
2562,2RN2,A,-1.8,khan,A,N,52
2563,2RN2,A,-0.52,khan,A,V,52
2564,2RN2,A,-1.5,khan,A,E,52
2565,2RN2,A,-1.2,khan,A,Q,52
2566,2RN2,A,-5.9,khan,A,K,52
2567,2RN2,A,1.19,khan,A,I,52
2568,2RN2,A,-3.6,khan,A,H,52
2569,2RN2,A,0.36,khan,A,L,52
2570,2RN2,A,0.5,khan,A,M,52
2571,2RN2,A,0.03,khan,A,F,52
2572,2RN2,A,-2.3,khan,A,Y,52
2573,2RN2,A,-0.1,khan,E,A,48
2574,2RN2,A,-0.1,khan,D,A,70
2575,2RN2,A,2.4,khan,D,A,10
2576,2RN2,A,0.8,khan,D,A,134
2577,2RN2,A,0.7,khan,D,S,10
2578,2RN2,A,0.2,khan,E,D,48
2579,2RN2,A,-0.1,khan,E,Q,48
2580,2RN2,A,-0.3,khan,D,N,70
2581,2RN2,A,-0.7,khan,D,N,10
2582,2RN2,A,0.1,khan,D,E,70
2583,2RN2,A,1,khan,D,E,10
2584,2RN2,A,0.4,khan,D,H,10
2585,2RN2,A,0.5,khan,D,H,134
2586,2RN2,A,0.12,khan,R,C,41
2587,2RN2,A,0.52,khan,H,P,62
2588,2RN2,A,0.26,khan,D,S,134
2589,2RN2,A,-0.17,khan,H,D,62
2590,2RN2,A,0.88,khan,K,N,95
2591,2RN2,A,-0.06,khan,E,V,119
2592,2RN2,A,0.12,khan,D,T,134
2593,2RN2,A,-0.1,khan,D,N,134
2594,2RN2,A,0.31,khan,D,V,134
2595,2RN2,A,0.24,khan,Q,L,76
2596,2RN2,A,-0.03,khan,Q,L,80
2597,2RN2,A,-0.22,khan,E,K,135
2598,2RN2,A,0.72,khan,D,E,134
2599,2RN2,A,0.48,khan,D,Q,134
2600,2RN2,A,0.5,khan,G,A,23
2601,2RN2,A,0.69,khan,D,I,134
2602,2RN2,A,1.15,khan,D,L,134
2603,2RN2,A,-0.03,khan,H,R,62
2604,2RN2,A,0.03,khan,K,R,117
2605,2RN2,A,0.73,khan,A,V,24
2606,2RN2,A,-2.2,khan,V,A,74
2607,2RN2,A,-0.9,khan,G,A,77
2608,2RN2,A,0.6,khan,V,I,74
2609,2RN2,A,0.9,khan,V,L,74
2610,2RN2,A,1.7,khan,K,G,95
2611,2RN2,A,0.1,khan,K,A,95
2612,2RN2,A,-2.4,khan,S,G,68
2613,2RN2,A,-0.2,khan,Q,P,113
2614,2RN2,A,-0.7,khan,Y,F,28
2615,2RN2,A,-0.5,khan,S,A,68
2616,2RN2,A,-0.4,khan,D,E,94
2617,2RN2,A,-0.2,khan,S,T,68
2618,2RN2,A,0,khan,K,R,91
2619,2RN2,A,0,khan,A,T,125
2620,2RN2,A,0.6,khan,S,V,68
2621,2RN2,A,1.1,khan,D,R,94
2622,2RN2,A,-0.5,khan,S,L,68
2623,2TRX,A,2.7,khan,L,C,79
2624,2TRX,A,-2.7,khan,L,C,78
2625,2TRX,A,2.1,khan,T,C,77
2626,2TRX,A,-3.9,khan,L,K,78
2627,2TRX,A,-4,khan,L,R,78
2628,2WSY,A,-0.9,khan,Y,Q,175
2629, 2WSY,A,-0.2,khan,L,V,209
2630, 2WSY,A,-0.5,khan,I,V,232
2631, 2WSY,A,-0.3,khan,A,G,18
2632, 2WSY,A,0.2,khan,A,V,18
2636,3BLS,A,-0.7,khan,Y,F,150
2637,3HHR,A,-0.49,khan,E,A,74
2638, 3HHR,A,-0.91,khan,E,S,74
2639, 3HHR,A,-0.55,khan,E,T,74
2640, 3HHR,A,-0.55,khan,E,D,74
2641, 3HHR,A,-0.97,khan,S,A,71
2642, 3HHR,A,-0.18,khan,E,Q,74
2643, 3HHR,A,-0.79,khan,E,L,74
2644, 3HHR,A,0.33,khan,S,T,71
2645, 3HHR,A,-1.19,khan,S,V,71
2646, 3HHR,A,-1.28,khan,S,Q,71
2647,3MBP,A,-1.8,khan,P,A,159
2648,3MBP,A,0.5,khan,P,A,48
2649,3MBP,A,-0.3,khan,P,A,133
2650,3MBP,A,-2.1,khan,P,S,159
2651,3MBP,A,0.3,khan,P,S,48
2652,3MBP,A,-2.1,khan,P,S,133
2653,3MBP,A,-3.2,khan,Y,D,283
2654,3MBP,A,-1.1,khan,V,G,8
2655,3MBP,A,-1.5,khan,A,G,276
2656,3MBP,A,0,khan,D,N,55
2657,3MBP,A,0.7,khan,T,I,345
2658,3MBP,A,-2.3,khan,G,C,19
2659,3SSI,A,-0.06,khan,M,G,73
2660,3SSI,A,-6.82,khan,M,G,103
2661,3SSI,A,0.13,khan,M,A,73
2662,3SSI,A,-1.35,khan,M,A,103
2663,3SSI,A,-10.3,khan,V,G,13
2664,3SSI,A,-6.78,khan,V,A,13
2665,3SSI,A,1.08,khan,M,D,73
2666,3SSI,A,-1.35,khan,M,V,103
2667,3SSI,A,-0.46,khan,M,V,73
2668,3SSI,A,0.35,khan,M,E,73
2669,3SSI,A,0.05,khan,M,K,73
2670,3SSI,A,-0.73,khan,M,I,73
2671,3SSI,A,-1.89,khan,M,I,103
2672,3SSI,A,-0.13,khan,M,L,73
2673,3SSI,A,0.15,khan,M,L,103
2674,3SSI,A,-0.84,khan,V,I,13
2675,3SSI,A,-2.21,khan,V,L,13
2676,3SSI,A,-5.43,khan,V,M,13
2677,3SSI,A,-5.33,khan,V,F,13
2678,451C,A,1.26,khan,F,Y,34
2679,451C,A,1.1,khan,F,A,7
2680,451C,A,1,khan,V,I,78
2681,451C,A,0.4,khan,V,M,13
2682,451C,A,0.5,khan,Q,R,37
2683,451C,A,0.6,khan,E,Y,43
2684,4LYZ,A,-0.57,khan,M,L,12
2685,4LYZ,A,0.28,khan,M,F,12
2686,4LYZ,A,-1.89,khan,G,A,49
2687,4LYZ,A,-1.46,khan,G,A,117
2688,4LYZ,A,-0.98,khan,G,A,67
2689,4LYZ,A,-0.38,khan,G,A,71
2690,4LYZ,A,0.02,khan,G,A,102
2691,4LYZ,A,-2.77,khan,I,A,55
2692,4LYZ,A,0.45,khan,D,G,101
2693,4LYZ,A,0.76,khan,D,A,101
2694,4LYZ,A,-0.24,khan,M,T,105
2695,4LYZ,A,-0.15,khan,R,Q,21
2696,4LYZ,A,-4.96,khan,I,T,55
2697,4LYZ,A,-0.04,khan,R,K,68
2698,4LYZ,A,0.23,khan,R,K,73
2699,4LYZ,A,0.87,khan,D,S,101
2700,4LYZ,A,0.68,khan,R,H,114
2701,4LYZ,A,-6.7,khan,K,D,13
2702,4LYZ,A,0,khan,I,V,55
2703,4LYZ,A,-0.27,khan,T,S,40
2704,4LYZ,A,-4.78,khan,C,A,94
2705,4LYZ,A,-0.15,khan,S,A,91
2706,4LYZ,A,0.24,khan,N,D,103
2707,4LYZ,A,0.76,khan,H,L,15
2708,4LYZ,A,-0.45,khan,I,L,55
2709,4LYZ,A,0.04,khan,D,N,101
2710,4LYZ,A,-2.27,khan,I,M,55
2711,4LYZ,A,-0.45,khan,Q,H,121
2712,4LYZ,A,-0.45,khan,F,Y,3
2713,4LYZ,A,0.19,khan,F,Y,34
2714,4LYZ,A,-2.15,khan,P,N,70
2715,4LYZ,A,0,khan,D,E,101
2716,4LYZ,A,-0.08,khan,D,Q,101
2717,4LYZ,A,0.99,khan,S,T,91
2718,4LYZ,A,-1.06,khan,N,K,19
2719,4LYZ,A,-0.38,khan,N,H,77
2720,4LYZ,A,0.19,khan,D,K,101
2721,4LYZ,A,-2.31,khan,S,D,91
2722,4LYZ,A,-2.46,khan,I,F,55
2723,4LYZ,A,-0.08,khan,S,V,91
2724,4LYZ,A,-2.2,khan,T,I,40
2725,4LYZ,A,1.2,khan,A,V,31
2726,4LYZ,A,0.27,khan,D,R,101
2727,4LYZ,A,0.72,khan,D,F,101
2728,4LYZ,A,-0.96,khan,G,N,49
2729,4LYZ,A,-0.04,khan,G,V,102
2730,4LYZ,A,1.4,khan,A,I,31
2731,4LYZ,A,1.8,khan,A,L,31
2732,4LYZ,A,-3.07,khan,S,Y,91
2733,4LYZ,A,0.38,khan,G,R,102
2734,5CRO,O,2.7,khan,Y,D,26
2735,5CRO,O,0.9,khan,Y,V,26
2736,5CRO,O,1.4,khan,Y,Q,26
2737,5CRO,O,1.9,khan,Y,H,26
2738,5CRO,O,1.1,khan,Y,L,26
2739,5CRO,O,0.4,khan,Y,F,26
2740,5CRO,O,-0.1,khan,Y,W,26
2741,5CRO,O,2.2,khan,Y,C,26
2742,5CRO,O,2.8,khan,Q,L,16
2743,5CRO,O,0.4,khan,A,S,36
2744,1BNI,A,-0.9,capriotti,D,A,8
2745,1BNI,A,-0.3,capriotti,D,A,12
2746,1BNI,A,-1.29,capriotti,D,G,12
2747,1BNI,A,-2.4,capriotti,D,N,54
2748,1BNI,A,-2.65,capriotti,G,H,34
2749,1BNI,A,-0.7,capriotti,H,G,18
2750,1BNI,A,-4,capriotti,I,A,88
2751,1BNI,A,-1.3,capriotti,I,V,88
2752,1BNI,A,-4.3,capriotti,L,A,14
2753,1BNI,A,-2.05,capriotti,R,Q,83
2754,1BNI,A,-1.9,capriotti,S,A,91
2755,1BNI,A,-0.48,capriotti,T,R,16
2756,1CYO,A,-1.65,capriotti,V,H,45
2757,1CYO,A,-2.39,capriotti,V,K,61
2758,1CYO,A,-1.34,capriotti,V,Y,61
2759,1DDR,A,0.2,capriotti,V,A,88
2760,1DDR,A,-1.73,capriotti,V,I,88
2761,1MBG,A,-2.32,capriotti,V,A,103
2762,1MBG,A,0.69,capriotti,V,I,103
2763,1MBG,A,2.44,capriotti,V,L,103
2764,1POH,A,1.5,capriotti,S,D,46
2765,1POH,A,0.5,capriotti,S,N,46
2766,1RN1,A,-0.9,capriotti,N,A,9
2767,1RN1,A,0.03,capriotti,N,A,36
2768,1RN1,A,-2.08,capriotti,N,A,44
2769,1RN1,A,0.94,capriotti,Q,K,25
2770,1RN1,A,-1.23,capriotti,S,A,12
2771,1RN1,A,0.67,capriotti,S,A,17
2772,1RN1,A,-2.11,capriotti,Y,F,11
2773,1RN1,A,1.24,capriotti,Y,W,24
2774,1RN1,A,-0.78,capriotti,Y,F,56
2775,1RN1,A,-0.5,capriotti,Y,F,57
2776,1RN1,A,-1.36,capriotti,Y,F,68
2777,1STN,A,-2.4,capriotti,G,S,79
2778,1VQB,A,-0.7,capriotti,I,V,6
2779,1VQB,A,2,capriotti,E,F,30
2780,1VQB,A,1,capriotti,L,Y,32
2781,1VQB,A,-2.2,capriotti,V,A,35
2782,2CI2,I,-1.27,capriotti,I,V,39
2783,2CI2,I,-1.09,capriotti,I,V,48
2784,2CI2,I,-4.25,capriotti,I,A,76
2785,2CI2,I,0.21,capriotti,I,V,76
2786,2CI2,I,-0.99,capriotti,K,G,37
2787,2CI2,I,-0.65,capriotti,K,A,43
2788,2CI2,I,-3.82,capriotti,L,A,68
2789,2CI2,I,-0.64,capriotti,V,A,53
